<?xml version="1.0" encoding="UTF-8"?>
<window type="dialog" id="1190">
  <defaultcontrol always="true">119000</defaultcontrol>
	<backgroundcolor>background</backgroundcolor>
      <controls>




	<include content="WidgetListPosterTOP10">
		<param name="list_id" value="28500"/>
		<param name="content_path" value="$VAR[p3PathPeliculasNovedades]"/>
		<param name="widget_header" value="Palantir/widget/$INFO[Container(28500).CurrentItem].png"/>

	</include>
















		



















































		<control type="list" id="26000">
			<description>My first list container</description>
			<left>80</left>
			<top>260</top>
			<width>1900</width>
			<height>500</height>
			<visible>false</visible>
			<onup>26000</onup>
			<ondown>26000</ondown>
			<onleft>26000</onleft>
			<onright>26000</onright>
			<orientation>horizontal</orientation>
			<!-- <pagecontrol>119000</pagecontrol> -->

			<focusedlayout width="250">
									<control type="image">
										<left>15</left>
										<top>-10</top>
										<width>240</width>
										<height>400</height>
										<texture colordiffuse="button_focus">colors/grey.png</texture>
										<!-- <bordersize>20</bordersize> -->
										<visible>true</visible>
										<include condition="true">Animation_FocusTextureFade</include>
									</control>
									<control type="image" description="Number">
										<left>0</left>
										<top>0</top>
										<width>200</width>
										<height>300</height>
										<texture>$INFO[ListItem.icon]</texture>
										<bordertexture border="21" infill="false">overlays/shadow.png</bordertexture>
										<!-- <bordersize>20</bordersize> -->
									</control>
									<control type="label">
									<label>$INFO[ListItem.label]-$INFO[ListItem.Property(DBTYPE)]- $INFO[ListItem.Property(mpaa)]-</label>
									<left>15</left>
									<top>300</top>
									<width>290</width>
									<height>400</height>
									<font>font30_title</font>
									<textcolor>white</textcolor>
									  <wrapmultiline>true</wrapmultiline>
								</control>

								<control type="image"  description="Caratula">
										<left>100</left>
										<top>0</top>
										<width>200</width>
										<height>300</height>
										<texture>$INFO[ListItem.Property(poster)]</texture>
										<bordertexture border="21" infill="false">overlays/shadow.png</bordertexture>
										<bordersize>20</bordersize>
								</control>
			</focusedlayout>
			<itemlayout width="250">
								<control type="image" description="Number">
									<left>0</left>
									<top>0</top>
									<width>200</width>
									<height>300</height>
									<texture>$INFO[ListItem.icon]</texture>
									<bordertexture border="21" infill="false">overlays/shadow.png</bordertexture>
									<!-- <bordersize>20</bordersize> -->
								</control>
								<control type="label">
									<label>$INFO[ListItem.label]-$INFO[ListItem.Property(DBTYPE)]- $INFO[ListItem.Property(mpaa)]-</label>
									<left>15</left>
									<top>300</top>
									<width>290</width>
									<height>400</height>
									<font>font30_title</font>
									  <wrapmultiline>true</wrapmultiline>
									<textcolor>white</textcolor>
								</control>

								<control type="image"  description="Caratula">
									<left>100</left>
									<top>0</top>
									<width>200</width>
									<height>300</height>
									<texture>$INFO[ListItem.Property(poster)]</texture>
									<bordertexture border="21" infill="false">overlays/shadow.png</bordertexture>
									<!-- <bordersize>20</bordersize> -->
								</control>
			</itemlayout>
			<content>
				<item id="1">
					<label>$INFO[Container(26001).ListItemNoWrap(0).Label]</label>
					<icon>Palantir/widget/1.png</icon>
					<onclick>$INFO[Container(26001).ListItemNoWrap(0).FileNameAndPath]</onclick>
					<visible>true</visible>
					<property name="DBTYPE">$INFO[Container(26001).ListItemNoWrap(0).DBTYPE]</property>
					<property name="poster">$INFO[Container(26001).ListItemNoWrap(0).Art(poster)]</property>
					<property name="year">$INFO[Container(26001).ListItemNoWrap(0).year]</property>
					<property name="mpaa">$INFO[Container(26001).ListItemNoWrap(0).mpaa]</property>
					<property name="title">$INFO[Container(26001).ListItemNoWrap(0).title]</property>
					<property name="duration">$INFO[Container(26001).ListItemNoWrap(0).duration]</property>
					<property name="episode">$INFO[Container(26001).ListItemNoWrap(0).episode]</property>
					<property name="season">$INFO[Container(26001).ListItemNoWrap(0).season]</property>
					<property name="Genre">$INFO[Container(26001).ListItemNoWrap(0).Genre]</property>
					<property name="IMDBNumber">$INFO[Container(26001).ListItemNoWrap(0).IMDBNumber]</property>
					<property name="plot">$INFO[Container(26001).ListItemNoWrap(0).plot]</property>
					<property name="progress">$INFO[Container(26001).ListItemNoWrap(0).progress]</property>
					<property name="Rating(TMDB)">$INFO[Container(26001).ListItemNoWrap(0).Rating(TMDB)]</property>
					<property name="UniqueID()">$INFO[Container(26001).ListItemNoWrap(0).uniqueid()]</property>
					<property name="progress">$INFO[Container(26001).ListItemNoWrap(0).progress]</property>
					
					
					
				</item>
				<item id="2">
					<label>My Second Item</label>
					<label2>Label 2</label2>
					<icon>Palantir/widget/2.png</icon>
					<thumb>thumb2.png</thumb>
					<!-- <onclick>ActivateWindow(Music)</onclick> -->
					<property name="labell">$INFO[Container(26001).ListItemNoWrap(1).Label]</property>
					<property name="poster">$INFO[Container(26001).ListItemNoWrap(1).Art(poster)]</property>
				</item>
				<item id="3">
					<label>My Second Item</label>
					<label2>Label 2</label2>
					<icon>Palantir/widget/3.png</icon>
					<thumb>thumb2.png</thumb>
					<!-- <onclick>ActivateWindow(Music)</onclick> -->
					<property name="labell">$INFO[Container(26001).ListItemNoWrap(2).Label]</property>
					<property name="poster">$INFO[Container(26001).ListItemNoWrap(2).Art(poster)]</property>
				</item>
				<item id="4">
					<label>My Second Item</label>
					<label2>Label 2</label2>
					<icon>Palantir/widget/4.png</icon>
					<thumb>thumb2.png</thumb>
					<!-- <onclick>ActivateWindow(Music)</onclick> -->
					<property name="labell">$INFO[Container(26001).ListItemNoWrap(3).Label]</property>
					<property name="poster">$INFO[Container(26001).ListItemNoWrap(3).Art(poster)]</property>
				</item>
				<item id="5">
					<label>My Second Item</label>
					<label2>Label 2</label2>
					<icon>Palantir/widget/5.png</icon>
					<thumb>thumb2.png</thumb>
					<!-- <onclick>ActivateWindow(Music)</onclick> -->
					<property name="labell">$INFO[Container(26001).ListItemNoWrap(4).Label]</property>
					<property name="poster">$INFO[Container(26001).ListItemNoWrap(4).Art(poster)]</property>
				</item>
				<item id="6">
					<label>My Second Item</label>
					<label2>Label 2</label2>
					<icon>Palantir/widget/6.png</icon>
					<thumb>thumb2.png</thumb>
					<!-- <onclick>ActivateWindow(Music)</onclick> -->
					<property name="labell">$INFO[Container(26001).ListItemNoWrap(5).Label]</property>
					<property name="poster">$INFO[Container(26001).ListItemNoWrap(5).Art(poster)]</property>
				</item>
				<item id="7">
					<label>My Second Item</label>
					<label2>Label 2</label2>
					<icon>Palantir/widget/7.png</icon>
					<thumb>thumb2.png</thumb>
					<!-- <onclick>ActivateWindow(Music)</onclick> -->
					<property name="labell">$INFO[Container(26001).ListItemNoWrap(6).Label]</property>
					<property name="poster">$INFO[Container(26001).ListItemNoWrap(6).Art(poster)]</property>
				</item>
				<item id="8">
					<label>My Second Item</label>
					<label2>Label 2</label2>
					<icon>Palantir/widget/8.png</icon>
					<thumb>thumb2.png</thumb>
					<!-- <onclick>ActivateWindow(Music)</onclick> -->
					<property name="labell">$INFO[Container(26001).ListItemNoWrap(7).Label]</property>
					<property name="poster">$INFO[Container(26001).ListItemNoWrap(7).Art(poster)]</property>
				</item>
				<item id="9">
					<label>My Second Item</label>
					<label2>Label 2</label2>
					<icon>Palantir/widget/9.png</icon>
					<thumb>thumb2.png</thumb>
					<!-- <onclick>ActivateWindow(Music)</onclick> -->
					<property name="labell">$INFO[Container(26001).ListItemNoWrap(8).Label]</property>
					<property name="poster">$INFO[Container(26001).ListItemNoWrap(8).Art(poster)]</property>
				</item>
				<item id="10">
					<label>My Second Item</label>
					<label2>Label 2</label2>
					<icon>Palantir/widget/10.png</icon>
					<thumb>thumb2.png</thumb>
					<!-- <onclick>ActivateWindow(Music)</onclick> -->
					<property name="labell">$INFO[Container(26001).ListItemNoWrap(9).Label]</property>
					<property name="poster">$INFO[Container(26001).ListItemNoWrap(9).Art(poster)]</property>
				</item>

			</content>
		
		</control>






















          <!--PALANTIR #10most-->
          <control type="list" id="26001">
				<!-- <onunfocus condition="Skin.HasSetting(PlayTrailers)">ClearProperty(listitem.trailer,home)</onunfocus>
        		<onfocus condition="Skin.HasSetting(PlayTrailers)">ClearProperty(TrailerIsPlayingFullscreen,home)</onfocus> -->
				<left>-10100</left>
				<top>600</top>
				<visible>false</visible>
				<!-- <visible>Integer.IsGreater(Container(26001).NumItems,0) | Container(26001).IsUpdating</visible> -->
				<right>0</right>
				<height>503</height>
				<!-- <onclick condition="$PARAM[onclick_condition]">$PARAM[onclick_action]</onclick> -->
				<include content="WidgetListCommon">
					<param name="list_id" value="26001"/>
				</include>
				<itemlayout width="310" height="486">
					<control type="group">
						<left>68</left>
						<top>10</top>
						<include content="InfoWallMovieLayout">
							<param name="focused" value="false" />
							<param name="Derecha" value="-40" />
						</include>
					</control>
				</itemlayout>
				<focusedlayout width="310" height="486">
					<!-- <include condition="Skin.HasSetting(PlayTrailers)">SetAutoTrailerControl</include> -->
					<control type="group">
						<depth>DepthContentPopout</depth>
						<left>68</left>
						<top>10</top>
						<!--<animation type="Focus">
							<effect type="zoom" start="100" end="110" time="200" tween="sine" easing="inout" center="230,130" />
						</animation>
						<animation type="Unfocus">
							<effect type="zoom" start="110" end="100" time="200" tween="sine" easing="inout" center="230,130" />
						</animation>-->
						<control type="group">
				      <visible>String.IsEmpty(ListItem.Art(poster))</visible>
              
				      <control type="image">
                <left>15</left>
                <top>-10</top>
                <width>290</width>
                <height>400</height>
                <texture>dialogs/dialog-bg-nobo.png</texture>
                <bordertexture border="21" infill="false">overlays/shadow.png</bordertexture>
                <bordersize>20</bordersize>
              </control>
              <control type="label" description="num">
                  <label>$INFO[Container.Position]</label>
                  <height>20</height>
                  <width>20</width>
                  <top>0</top>
                  <right>0</right>
                  <visible>true</visible>
                  <color>amarillopalantir</color>
                </control>
              <control type="image">
                <left>15</left>
                <top>-10</top>
                <width>290</width>
                <height>400</height>
                <texture colordiffuse="button_focus">colors/grey.png</texture>
                <bordersize>20</bordersize>
                <!-- <visible>$PARAM[focused]</visible> -->
                <!-- <include condition="$PARAM[focused]">Animation_FocusTextureFade</include> -->
              </control>
              <control type="textbox">
                <left>40</left>
                <top>244</top>
                <width>242</width>
                <height>120</height>
                <font>font27</font>
                <align>center</align>
                <aligny>center</aligny>
                <label>$INFO[ListItem.Label]</label>
                <!-- <autoscroll time="2000" delay="3000" repeat="5000">$PARAM[focused]</autoscroll> -->
                <visible>!ListItem.IsParentFolder</visible>
              </control>
              <control type="image">
                <left>24</left>
                <top>-1</top>
                <width>272</width>
                <height>270</height>
                <texture fallback="DefaultMovies.png" background="true">$INFO[ListItem.Icon]</texture>
                <aspectratio>scale</aspectratio>
                <bordersize>20</bordersize>
              </control>
			</control>





			<control type="group">
				<visible>!String.IsEmpty(ListItem.Art(poster))</visible>
				<control type="image">
					<left>11</left>
					<top>-14</top>
					<width>298</width>
					<height>408</height>
					<texture colordiffuse="button_focus">colors/grey.png</texture>
					<bordertexture border="21" infill="false">overlays/shadow.png</bordertexture>
					<bordersize>20</bordersize>
					<!-- <visible>$PARAM[focused]</visible> -->
					<!-- <include condition="$PARAM[focused]">Animation_FocusTextureFade</include> -->
				</control>
				<control type="image">
					<left>15</left>
					<top>-10</top>
					<width>290</width>
					<height>400</height>
					<texture background="true">$INFO[ListItem.Art(poster)]</texture>
					<aspectratio>scale</aspectratio>
					<bordertexture border="21" infill="false">overlays/shadow.png</bordertexture>
					<bordersize>20</bordersize>
				</control>
				<control type="image">
					<left>35</left>
					<top>290</top>
					<width>80</width>
					<height>80</height>
					<texture>overlays/overlay-bg.png</texture>
					<visible>Listitem.IsCollection | ListItem.IsPlaying | Integer.IsGreater(ListItem.Playcount,0)</visible>
				</control>
			</control>
			<control type="group">
				<visible>String.IsEqual(ListItem.DBtype,tvshow) + String.StartsWith(ListItem.DBtype,db) </visible>
				
				<control type="image">
					<left>35</left>
					<top>320</top>
					<width>250</width>
					<height>50</height>
					<texture colordiffuse="CCFFFFFF">overlays/overlayfade.png</texture>
					<visible>!String.IsEmpty(ListItem.Art(poster))</visible>
				</control>
				<control type="label">
					<left>0</left>
					<top>340</top>
					<width>244</width>
					<label>$INFO[ListItem.Property(WatchedEpisodes)]$INFO[ListItem.Property(TotalEpisodes), / ,]</label>
					<font>font20_title</font>
					<shadowcolor>text_shadow</shadowcolor>
					<align>right</align>
				</control>
				<control type="image">
					<left>254</left>
					<top>343</top>
					<width>24</width>
					<height>24</height>
					<texture>lists/played-total.png</texture>
				</control>
			</control>
			<!--PALANTIR: ICONO VISTO/A MEDIAS EN PANEL (OJO)-->

			<control type="group">
				<right>$PARAM[Derecha]</right>
				<top>10</top>
				<control type="image"> <!--PALANTIR: banda diagonal-->
					<right>0</right>
					<top>0</top>
					<width>120</width>
					<height>120</height>
					<texture colordiffuse="$VAR[ColorEtiquetaPoster]" background="true">Palantir/overlays/overlaywatched.png</texture> <!--necesario generar variables para ocupar todas las opciones-->
					<visible>ListItem.IsResumable | Integer.IsGreater(ListItem.Playcount,0) | ListItem.Property(P3NewEpisodes)</visible> <!--necesario generar variables para ocupar todas las opciones-->
				</control>
				<control type="label"> <!--PALANTIR: TEXTO BANDA DIAGONAL-->
					<right>5</right>
					<top>10</top>
					<align>center</align>
					<label>$VAR[EtiquetaPoster]</label>
					<width>120</width>
					<height>120</height>
					<font>WatchedStates</font>
					<textcolor>FFFFFFFF</textcolor>
					<selectedcolor>FFD402AA</selectedcolor>
					<animation effect="rotate" center="auto" time="0" end="-45" condition="true" loop="false">Conditional</animation>
					<visible>ListItem.IsResumable | Integer.IsGreater(ListItem.Playcount,0) | ListItem.Property(P3NewEpisodes)</visible>
				</control>
			</control>
			<control type="group">
				<left>135</left>
				<top>-8</top>
				<include condition="Skin.HasSetting(circle_rating) | Skin.HasSetting(circle_userrating)">RatingCircle</include>
			</control>
			<control type="progress">
				<left>45</left>
				<top>300</top>
				<width>250</width>
				<height>3</height>
				<texturebg></texturebg>
				<midtexture colordiffuse="progress" border="3">progress/texturebg_alt_white.png</midtexture>
				<info>ListItem.PercentPlayed</info>
				<visible>!Integer.IsEqual(ListItem.PercentPlayed,0)</visible>
			</control>
					</control>
				</focusedlayout>
				<content target="videos" limit="10">$VAR[p3PathPeliculasNovedades]</content>
			</control>
          
          
                  
      </controls>
</window>


<!--
 <autoscroll  time="10000" delay="10000" repeat="5000">true</autoscroll>
              <itemlayout width="600" height="0">
                <control type="image" description="Art">
                    <texture>Palantir/color_red.png</texture>
                    <height>100%</height>
                    <width>100%</width>
                    <top>0</top>
                    <right>0</right>
                    <visible>false</visible>
                  </control>
                  <control type="image" description="Art">
                    <texture>$INFO[Container(261001).ListItem.Art(fanart)]</texture>
                    <height>500</height>
                    <width>200</width>
                    <top>0</top>
                    <right>0</right>
                    <visible>true</visible>
                  </control>   
               
                  <control type="label" description="num">
                    <label>$INFO[Container(261001).Position]</label>
                    <height>500</height>
                    <width>200</width>
                    <top>0</top>
                    <right>0</right>
                    <visible>true</visible>
                  </control>
                  <control type="image" description="num">
                    <texture>Palantir/Widgets/100most/$INFO[Container(261001).Position].png</texture>
                    <height>500</height>
                    <width>200</width>
                    <top>0</top>
                    <right>0</right>
                    <visible>true</visible>
                  </control>
                
              </itemlayout>
              <focusedlayout height="0">
              
              </focusedlayout>

-->