<?xml version="1.0" encoding="UTF-8"?>
<window>
	<onunload>ClearProperty(ItemPathResumable,home)</onunload>
	<defaultcontrol>996</defaultcontrol>
	<include>Animation_DialogPopupOpenClose</include>
	<include>FullScreenDimensions</include>
	<coordinates>
		<origin x="35%" y="30%"/><!--PALANTIR: centrar context en todas las vistas-->
		<left>0</left>
		<top>0</top>
	</coordinates>
	<controls>
		<control type="image">
			<left>-1920</left>
			<top>-1080</top>
			<width>5760</width>
			<height>3240</height>
			<animation effect="fade" start="0" end="100" time="300">WindowOpen</animation>
			<animation effect="fade" start="100" end="0" time="200">WindowClose</animation>
			<texture colordiffuse="B0FFFFFF">colors/black.png</texture>
		</control>
		<control type="button">
			<left>-1920</left>
			<top>-1080</top>
			<width>5760</width>
			<height>3240</height>
			<texturefocus />
			<texturenofocus />
			<onclick>Action(close)</onclick>
		</control>
		<control type="group">
			<width>600</width>
			<height max="780">auto</height>
			<animation effect="slide" end="0,175" time="0" condition="Window.IsActive(home)">conditional</animation>

			<control type="group">
				<width max="600">auto</width>
				<height>600</height>
				<control type="image" id="999">
					<texture colordiffuse="dialog_tint">colors/white.png</texture>
					<width max="600">auto</width>
					<height>100%</height>
				</control>

				<control type="grouplist" id="996">
					<description>grouplist for context buttons</description>
					<width>80%</width>
					<height>100%</height>
					<centerleft>50%</centerleft>
					<centertop>50%</centertop>
					<scroll>true</scroll>
					<usecontrolcoords>true</usecontrolcoords>
					<control type="button" id="55">
						<description>but</description>
						<label>Iniciar desde el Principio</label>
						<left>10</left>
						<font>font25_title</font>
						<width max="660">auto</width>
						<height>60</height>
						<focusedcolor>button_focus</focusedcolor>
						<texturefocus colordiffuse="button_focus_flix">Palantir/lists/focus2.png</texturefocus>
						<texturenofocus />
						<align>center</align>
						<onclick>PlayMedia($INFO[Window(home).Property(ItemPathResumable)])</onclick>
						<!-- <visible>Container(5025).ListItem.IsResumable | Container(5027).ListItem.IsResumable</visible> -->
						<visible>!String.IsEmpty(Window(home).Property(ItemPathResumable))</visible>
					</control>
				</control>
			</control>
			<include content="UpDownArrows">
				<param name="container_id" value="996" />
				<param name="posx" value="201" />
				<param name="up_posy" value="-40" />
				<param name="down_posy" value="798" />
			</include>			
		</control>
		
		<!-- original
			<control type="button" id="1000">
			<description>button template</description>
			<left>0</left>
			<top></top>
			<width>450</width>
			<height>65</height>
			<align>center</align>
			<texturefocus colordiffuse="button_focus">lists/focus.png</texturefocus>
			<texturenofocus />
		</control>-->
		
			<control type="button" id="1000">		
				<description>button template</description>
				<top></top>
				<left>10</left>
				<font>font25_title</font>
				<width max="660">auto</width>
				<height>60</height>
				<focusedcolor>button_focus</focusedcolor>
				<texturefocus colordiffuse="button_focus_flix">Palantir/lists/focus2.png</texturefocus>
				<texturenofocus />
				<align>center</align>
				
				
			</control>
		</controls>
</window>
