<?xml version="1.0" encoding="UTF-8"?>
<window>
	<onload condition="$EXP[PalantirIsEnabled]">RunScript(plugin.video.palantir3, None, &amp;update=)</onload>
	
	<onload>SetFocus(10)</onload>
	<!-- <onload condition="String.IsEmpty(Skin.String(StartupIntro))">ReplaceWindow($INFO[System.StartupWindow])</onload> -->
	<!-- <onunload condition="!String.IsEmpty(Skin.String(StartupIntro))">SetProperty(Playing.StartupIntro,True,Home)</onunload> -->
	<controls>
		<control type="button" id="10">
			<include>HiddenObject</include>
			<onfocus>ReplaceWindow($INFO[System.StartupWindow])</onfocus>
			<!-- <onfocus>PlayMedia($ESCINFO[Skin.String(StartupIntro)])</onfocus> -->
			<onfocus>PlayMedia(special://skin/extras/video.mp4)</onfocus>
		</control>
	</controls>


	<!-- <controls>
		<control type="group">
			<!- -<control type="image">
				<depth>DepthBackground</depth>
				<include>FullScreenDimensions</include>
				<aspectratio>scale</aspectratio>
				<texture colordiffuse="$VAR[Splash_Opacity]">$VAR[ThemesBGVar]</texture>
			</control>- ->
			<control type="image">
				<depth>DepthBackground</depth>
				<include>FullScreenDimensions</include>
				<aspectratio>scale</aspectratio>
				<!- -<texture colordiffuse="BFFFFFFF">special://skin/extras/themes/splash.png</texture>- ->
				<texture colordiffuse="BFFFFFFF">special://skin/media/Palantir/startup.png</texture>
			</control>
			<control type="image">
				<depth>DepthBackground</depth>
				<!- -<texture colordiffuse="BFFFFFFF">special://skin/extras/themes/splash.png</texture>- ->
				<texture>special://skin/media/Palantir/logo.png</texture>
				<height>300</height>
				<width>600</width>
				<left>35%</left>
				<top>33%</top>
				
				<animation type="WindowOpen">
					<effect type="fade" start="0" end="100" time="2000" />
					<effect type="zoom" end="150,100" center="auto" time="3000" delay="200"/>
				</animation>
			</control>
			
		</control> 
	</controls>-->
</window>
