<?xml version="1.0" encoding="UTF-8"?>
<window>
	<defaultcontrol>5</defaultcontrol>
	<include>Animation_DialogPopupOpenClose</include>
	<controls>
		<control type="group">
			<top>105</top>
			<centerleft>50%</centerleft>
			<width>1520</width>
			<include>Animation_DialogPopupVisible</include>
			<visible>!Window.IsVisible(sliderdialog)</visible>
			<include content="DialogBackgroundCommonsPalantir">
				<param name="width" value="1520" />
				<param name="height" value="870" />
				<param name="header_label" value="" />
				<param name="header_id" value="2" />
			</include>
			<!-- <control type="image">
				<left>10</left>
				<top>80</top>
				<width>1200</width>
				<height>790</height>
				<texture border="40">buttons/dialogbutton-nofo.png</texture>
			</control> -->
			<control type="grouplist" id="5">
				<description>control area</description>
				<left>5%</left>
				<top>100</top>
				<width>1360</width>
				<height>650</height>
				<pagecontrol>60</pagecontrol>
				<onleft>9000</onleft>
				<onright>60</onright>
				<onup>5</onup>
				<ondown>5</ondown>
			</control>
			<control type="button" id="7">
				<description>Default Button</description>
				<focusedcolor>button_focus</focusedcolor>
				<include content="DefaultSettingButton">
					<param name="texture" value="Palantir/lists/focus2.png"/>
					<param name="colordiffuse" value="button_focus_flix" />
					<param name="height" value="60" />
					<param name="textoffsetx" value="0" />
					<param name="colordiffusenofocus" value="dialog_tint" />
				</include>
			</control>
			<control type="radiobutton" id="8">
				<description>Default RadioButton</description>
				<focusedcolor>button_focus</focusedcolor>
				<include content="DefaultSettingButton">
					<param name="texture" value="Palantir/lists/focus2.png"/>
					<param name="colordiffuse" value="button_focus_flix" />
					<param name="height" value="60" />
					<param name="textoffsetx" value="0" />
					<param name="colordiffusenofocus" value="dialog_tint" />
				</include>
			</control>
			<control type="spincontrolex" id="9">
				<description>Default SpinControlex</description>
				<focusedcolor>button_focus</focusedcolor>
				<include content="DefaultSettingButton">
					<param name="texture" value="Palantir/lists/focus2.png"/>
					<param name="colordiffuse" value="button_focus_flix" />
					<param name="height" value="60" />
					<param name="textoffsetx" value="0" />
					<param name="colordiffusenofocus" value="dialog_tint" />
				</include>
			</control>
			<control type="image" id="11">
				<description>separator image</description>
				<height>3</height>
				<texture colordiffuse="azulpalantir" border="3">dialogs/separator-grey.png</texture>
			</control>
			<control type="edit" id="12">
				<include>DefaultSettingButton</include>
			</control>
			<control type="sliderex" id="13">
				<description>Default Slider</description>
				<focusedcolor>button_focus</focusedcolor>
				<include content="DefaultSettingButton">
					<param name="texture" value="Palantir/lists/focus2.png"/>
					<param name="colordiffuse" value="button_focus_flix" />
					<param name="height" value="60" />
					<param name="textoffsetx" value="0" />
					<param name="colordiffusenofocus" value="dialog_tint" />
				</include>
				<textwidth>800</textwidth>
			</control>
			<control type="label" id="14">
				<description>Default Label</description>
				<focusedcolor>button_focus</focusedcolor>
				<include content="DefaultSettingButton">
					<param name="texture" value="Palantir/lists/focus2.png"/>
					<param name="colordiffuse" value="button_focus_flix" />
					<param name="height" value="60" />
					<param name="textoffsetx" value="0" />
					<param name="texturenofocus" value="colors/white.png"/>
					<param name="colordiffusenofocus" value="dialog_tint" />
				</include>
			</control>
			<control type="group">
				<centerleft>50%</centerleft>
				<top>750</top>
				<height>100</height>
				<width>800</width>
				<control type="grouplist" id="9000">
					<orientation>horizontal</orientation>
					<width>800</width>
					<align>center</align>
					<top>0</top>
					<onleft>5</onleft>
					<onright>5</onright>
					<itemgap>50</itemgap>
					<include content="DefaultDialogButton">
						<param name="id" value="28" />
						<param name="label" value="" />
					</include>
					<include content="DefaultDialogButton">
						<param name="id" value="29" />
						<param name="label" value="" />
					</include>
					<include content="DefaultDialogButton">
						<param name="id" value="30" />
						<param name="label" value="" />
					</include>
				</control>
			</control>
			<control type="scrollbar" id="60">
				<left>1460</left>
				<top>100</top>
				<width>12</width>
				<height>650</height>
				<orientation>vertical</orientation>
				<onleft>5</onleft>
				<onright>9000</onright>
				<animation effect="fade" start="0" end="100" delay="300" time="320">WindowOpen</animation>
				<animation effect="fade" start="100" end="0" time="150">WindowClose</animation>
			</control>
		</control>
	</controls>
</window>
