<?xml version="1.0" encoding="UTF-8"?>
<includes>
    
    <include name="Object_Control">
        <control type="$PARAM[control]" id="$PARAM[id]">
            <nested />
        </control>
    </include>
    
    <include name="Vert_Red_Line">
        <control type="image">
            <top>-1</top>
            <height>1</height>
            <texture colordiffuse="44ff0000">Palantir/background/white.png</texture>
        </control>
    </include>

    <include name="Vert_Red_Line_5">
        <include>Vert_Red_Line</include>
        <include>Vert_Red_Line</include>
        <include>Vert_Red_Line</include>
        <include>Vert_Red_Line</include>
        <include>Vert_Red_Line</include>
    </include>

    <include name="Horz_Red_Line">
        <control type="image">
            <left>-1</left>
            <width>1</width>
            <texture colordiffuse="44ff0000">Palantir/background/white.png</texture>
        </control>
    </include>

    <include name="Horz_Red_Line_5">
        <include>Horz_Red_Line</include>
        <include>Horz_Red_Line</include>
        <include>Horz_Red_Line</include>
        <include>Horz_Red_Line</include>
        <include>Horz_Red_Line</include>
    </include>

    <include name="Overlay_InfoLabel">
        <definition>
            <control type="button" id="$PARAM[id]">
                <nested />
                <texturenofocus colordiffuse="panel_bg">Palantir/background/white.png</texturenofocus>
                <textoffsetx>0</textoffsetx>
                <aligny>center</aligny>
                <height>25</height>
                <font>font_debug</font>
                <align>left</align>
                <textcolor>magenta</textcolor>
                <width>auto</width>
            </control>
        </definition>
    </include>


    <include name="testers">
        <left>300</left>
        <control type="grouplist">
            <visible>false</visible>
            <left>30</left>
            <itemgap>100</itemgap>
            <orientation>vertical</orientation>
           <!--<control type="label"><label>1                      PlayTrailers </label><visible>$EXP[PlayTrailers]</visible></control>
            <control type="label"><label>   2                  TrailerWindowIsActive </label><visible>$EXP[TrailerWindowIsActive]</visible></control>
            <control type="label"><label>       3              TrailerIsReady </label><visible>$EXP[TrailerIsReady]</visible></control>
            <control type="label"><label>           4          TrailerWaitingForPlayer </label><visible>$EXP[TrailerWaitingForPlayer]</visible></control>
            <control type="label"><label>              5       TrailerIsPlaying </label><visible>$EXP[TrailerIsPlaying]</visible></control>
            <control type="label"><label>                 6    TrailerAutostartTimer </label><visible>$EXP[TrailerAutostartTimer]</visible></control>
            -->
        </control>

        <control type="textbox">
                      <visible>true</visible>
					<left>2%</left>
					<top>2%</top>
					<width>50%</width>
					<height max="100%">auto</height> 
					<font>font25_narrow</font>
                    <color>Nuevo</color>
					<label>[COLOR amarillopalantir]
                          window idFocus-$INFO[Window(home).Property(trailerid)]
                          window controlfocus-$INFO[system.currentcontrolid]
                          window TimerTrailer-$INFO[Window(home).Property(TimerTrailer)]
                          tiempo timer: $INFO[Skin.TimerElapsedSecs(lanzartrailer)]
                          
                          [/COLOR]
                          <!-- window trailerpath - $INFO[Window(home).Property(TrailerPath)]
                          window trailerpath2 - $INFO[Window(home).Property(TrailerPath2)]
                          player path - $INFO[Player.FileNameAndPath]
                          TIEMPO ESPERA- $INFO[$VAR[TiempoEsperaTrailer]]
                          SYSTEM IDLE - $INFO[System.IdleTime()]
                          alarma trailer - $INFO[Window(home).Property(AlarmaTrailer)]
                          [/COLOR]
                    
                            o	$INFO[ListItem.Property(TotalSeasons)]: Total de temporadas de la serie (sin contar especiales)
                            o	$INFO[ListItem.Property(P3TotalSeasons)]: Total de temporadas de la serie en P3 (sin contar especiales)
                            o	$INFO[ListItem.Property(TotalEpisodes)]: Total de episodios de la serie
                            o	$INFO[ListItem.Property(P3TotalEpisodes)]: Total de episodios de la serie en P3
                            o	$INFO[ListItem.Property(NumEpisodes)]: Numero de episodios de la temporada
                            o	$INFO[ListItem.Property(P3NumEpisodes)]: Numero de episodios de la temporada en P3
                            o	$INFO[ListItem.Property(WatchedEpisodes)]: Numero de episodios vistos de la temporada
                            o	$INFO[ListItem.Property(P3NewEpisodes)]: True si existen nuevos episodios 
                            o	$INFO[ListItem.Property(P3.Titulo)]: Titulo de la serie o película
                            o	$INFO[ListItem.Property(Palantir.Idioma)]: Lista de idiomas incluidos en los enlaces -->

                    </label>
					<shadowcolor>sombra_texto</shadowcolor>
					<align>left</align>
					<aligny>center</aligny>
					<autoscroll delay="3000" time="2000" repeat="3000">true</autoscroll>
                    <zorder>9999</zorder>
				</control>
    
            <control type="textbox">
                      <visible>false</visible>
					<left>2%</left>
					<top>2%</top>
					<width>50%</width>
					<height max="100%">auto</height> 
					<font>font25_narrow</font>
                    <color>Nuevo</color>
					<label>[COLOR amarillopalantir]
                          player path - $INFO[Player.FileNameAndPath]
                          SYSTEM IDLE - $INFO[System.IdleTime()]
                          [/COLOR]
                    
                            o	$INFO[ListItem.Property(TotalSeasons)]: Total de temporadas de la serie (sin contar especiales)
                            o	$INFO[ListItem.Property(P3TotalSeasons)]: Total de temporadas de la serie en P3 (sin contar especiales)
                            o	$INFO[ListItem.Property(TotalEpisodes)]: Total de episodios de la serie
                            o	$INFO[ListItem.Property(P3TotalEpisodes)]: Total de episodios de la serie en P3
                            o	$INFO[ListItem.Property(NumEpisodes)]: Numero de episodios de la temporada
                            o	$INFO[ListItem.Property(P3NumEpisodes)]: Numero de episodios de la temporada en P3
                            o	$INFO[ListItem.Property(WatchedEpisodes)]: Numero de episodios vistos de la temporada
                            o	$INFO[ListItem.Property(P3NewEpisodes)]: True si existen nuevos episodios 
                            o	$INFO[ListItem.Property(P3.Titulo)]: Titulo de la serie o película
                            o	$INFO[ListItem.Property(Palantir.Idioma)]: Lista de idiomas incluidos en los enlaces

                    </label>
					<shadowcolor>sombra_texto</shadowcolor>
					<align>left</align>
					<aligny>center</aligny>
					<autoscroll delay="3000" time="2000" repeat="3000">true</autoscroll>
                    <zorder>9999</zorder>
				</control>

                <control type="textbox">
                      <visible>false</visible>
					<left>2%</left>
					<top>2%</top>
					<width>50%</width>
					<height max="100%">auto</height> 
					<font>font25_narrow</font>
                    <color>Nuevo</color>
					<label>Label-$INFO[Container(9000).ListItem.Label]
                           ID-$INFO[Container(9000).ListItem.Property(id)]
                           LabelID-$INFO[Container(9000).ListItem.Property(labelID)]
                           defaultID-$INFO[Container(9000).ListItem.Property(defaultId)]
                           WIDGET-$INFO[Container(9000).ListItem.Property(widget)]
                           Widget name-$INFO[Container(9000).ListItem.Property(widgetname)]
                           wIDType-$INFO[Container(9000).ListItem.Property(widgetType)]
                           wIDTarget-$INFO[Container(9000).ListItem.Property(widgetTarget)]
                           wIDPath-$INFO[Container(9000).ListItem.Property(widgetPath)]
                           --------------------------------------------
                           WIDGET1-$INFO[Container(9000).ListItem.Property(widget.1)]
                           Widget name1-$INFO[Container(9000).ListItem.Property(widgetname.1)]
                           wIDType1-$INFO[Container(9000).ListItem.Property(widgetType.1)]
                           wIDTarget1-$INFO[Container(9000).ListItem.Property(widgetTarget.1)]
                           wIDPath1-$INFO[Container(9000).ListItem.Property(widgetPath.1)]
                           wIDAspect1-$INFO[Container(9000).ListItem.Property(widgetAspect.1)]
                           wIDSort1-$INFO[Container(9000).ListItem.Property(widgetSortBy.1)]
                           wIDAsortDirect1-$INFO[Container(9000).ListItem.Property(widgetSortDirection.1)]
                           path-$INFO[Container(9000).ListItem.Property(path)]
                           list-$INFO[Container(9000).ListItem.Property(list)]
                           submenuvisib-$INFO[Container(9000).ListItem.Property(submenuVisibility)]


                    </label>
					<shadowcolor>sombra_texto</shadowcolor>
					<align>left</align>
					<aligny>center</aligny>
					<autoscroll delay="3000" time="2000" repeat="3000">true</autoscroll>
                    <zorder>9999</zorder>
				</control>
                <control type="textbox">
                      <visible>false</visible>
					<left>2%</left>
					<top>2%</top>
					<width>100%</width>
					<height max="100%">auto</height> 
					<font>font25_narrow</font>
                    <color>Nuevo</color>
					<label>pelis: $INFO[Skin.String(VistaPeliculas)] - $INFO[String.IsEqual(Skin.String(VistaPeliculas),Flix)]
                    series: $INFO[Skin.String(VistaSeries)]
                    temporadas: $INFO[Skin.String(VistaTemporadas)]
                    episodios: $INFO[Skin.String(VistaEpisodios)]
                    -aaa: $INFO[System.CurrentControlID]
                     -bbb: $INFO[Control.GetLabel(System.CurrentControlID)]
                     - String.Contains(Control.GetLabel(752),   Menús)]
                     - ccc: $INFO[System.CurrentControl[2]]
                     mm: $INFO[Control.GetLabel(752).index(1)]
                     a $ESCINFO[System.CurrentControl, /]

                           


                    </label>
					<shadowcolor>sombra_texto</shadowcolor>
					<align>left</align>
					<aligny>center</aligny>
					<autoscroll delay="3000" time="2000" repeat="3000">true</autoscroll>
                    <zorder>9999</zorder>
				</control>

              
                <control type="textbox">
                      <visible>$EXP[Vista51]</visible>
					<left>2%</left>
					<top>2%</top>
					<width>50%</width>
					<height max="100%">auto</height> 
					<font>font25_narrow</font>
                    <color>Nuevo</color>
					<label>vista51</label>
					<shadowcolor>sombra_texto</shadowcolor>
					<align>left</align>
					<aligny>center</aligny>
					<autoscroll delay="3000" time="2000" repeat="3000">true</autoscroll>
                    <zorder>9999</zorder>
				</control>
                <control type="textbox">
                      <visible>$EXP[Vista52]</visible>
					<left>2%</left>
					<top>2%</top>
					<width>50%</width>
					<height max="100%">auto</height> 
					<font>font25_narrow</font>
                    <color>Nuevo</color>
					<label>vista52
                    </label>
					<shadowcolor>sombra_texto</shadowcolor>
					<align>left</align>
					<aligny>center</aligny>
					<autoscroll delay="3000" time="2000" repeat="3000">true</autoscroll>
                    <zorder>9999</zorder>
				</control>
                <control type="textbox">
                      <visible>$EXP[Vista53]</visible>
					<left>2%</left>
					<top>2%</top>
					<width>50%</width>
					<height max="100%">auto</height> 
					<font>font25_narrow</font>
                    <color>Nuevo</color>
					<label>vista53
                    </label>
					<shadowcolor>sombra_texto</shadowcolor>
					<align>left</align>
					<aligny>center</aligny>
					<autoscroll delay="3000" time="2000" repeat="3000">true</autoscroll>
                    <zorder>9999</zorder>
				</control>
                <control type="textbox">
                      <visible>$EXP[Vista54]</visible>
					<left>2%</left>
					<top>2%</top>
					<width>50%</width>
					<height max="100%">auto</height> 
					<font>font25_narrow</font>
                    <color>Nuevo</color>
					<label>vista54
                    </label>
					<shadowcolor>sombra_texto</shadowcolor>
					<align>left</align>
					<aligny>center</aligny>
					<autoscroll delay="3000" time="2000" repeat="3000">true</autoscroll>
                    <zorder>9999</zorder>
				</control>
                <control type="textbox">
                      <visible>$EXP[Vista500]</visible>
					<left>2%</left>
					<top>2%</top>
					<width>50%</width>
					<height max="100%">auto</height> 
					<font>font25_narrow</font>
                    <color>Nuevo</color>
					<label>vista500

                    </label>
					<shadowcolor>sombra_texto</shadowcolor>
					<align>left</align>
					<aligny>center</aligny>
					<autoscroll delay="3000" time="2000" repeat="3000">true</autoscroll>
                    <zorder>9999</zorder>
				</control>
                <control type="textbox">
                      <visible>$EXP[Vista501]</visible>
					<left>2%</left>
					<top>2%</top>
					<width>50%</width>
					<height max="100%">auto</height> 
					<font>font25_narrow</font>
                    <color>Nuevo</color>
					<label>vista501
                    </label>
					<shadowcolor>sombra_texto</shadowcolor>
					<align>left</align>
					<aligny>center</aligny>
					<autoscroll delay="3000" time="2000" repeat="3000">true</autoscroll>
                    <zorder>9999</zorder>
				</control>
                <control type="textbox">
                      <visible>$EXP[Vista502]</visible>
					<left>2%</left>
					<top>2%</top>
					<width>50%</width>
					<height max="100%">auto</height> 
					<font>font25_narrow</font>
                    <color>Nuevo</color>
					<label>vista502 
                    </label>
					<shadowcolor>sombra_texto</shadowcolor>
					<align>left</align>
					<aligny>center</aligny>
					<autoscroll delay="3000" time="2000" repeat="3000">true</autoscroll>
                    <zorder>9999</zorder>
				</control>
                <control type="textbox">
                      <visible>$EXP[Vista504]</visible>
					<left>2%</left>
					<top>2%</top>
					<width>50%</width>
					<height max="100%">auto</height> 
					<font>font25_narrow</font>
                    <color>Nuevo</color>
					<label>vista504 
                    </label>
					<shadowcolor>sombra_texto</shadowcolor>
					<align>left</align>
					<aligny>center</aligny>
					<autoscroll delay="3000" time="2000" repeat="3000">true</autoscroll>
                    <zorder>9999</zorder>
				</control>
                <control type="textbox">
                      <visible>$EXP[Vista505]</visible>
					<left>2%</left>
					<top>2%</top>
					<width>50%</width>
					<height max="100%">auto</height> 
					<font>font25_narrow</font>
                    <color>Nuevo</color>
					<label>vista505
                    </label>
					<shadowcolor>sombra_texto</shadowcolor>
					<align>left</align>
					<aligny>center</aligny>
					<autoscroll delay="3000" time="2000" repeat="3000">true</autoscroll>
                    <zorder>9999</zorder>
				</control>
                
    
    </include>
  


</includes>
