<?xml version="1.0" encoding="UTF-8"?>
<includes>
	<include name="View_55_WideList">
		<param name="bottom_offset">list_bottom_offset</param>
		<definition>
			<control type="group">
				<include>OpenClose_Right</include>
				<visible>Control.IsVisible(55)</visible>
				<include>Visible_Right</include>
				<control type="fixedlist" id="55">
					<left>594</left>
					<top>list_top_offset</top>
					<bottom>$PARAM[bottom_offset]</bottom>
					<right>0</right>
					<scrolltime tween="cubic" easing="out">500</scrolltime>
					<orientation>vertical</orientation>
					<pagecontrol>531</pagecontrol>
					<movement>6</movement>
					<focusposition>5</focusposition>
					<onleft>9000</onleft>
					<onright>531</onright>
					<onup>55</onup>
					<ondown>55</ondown>
					<viewtype label="$LOCALIZE[31107]">list</viewtype>
					<visible>$EXP[Vista55]</visible>
					<focusedlayout height="list_item_height" condition="Container.Content(tvshows) | [$EXP[IsPalantirVistas] +  Container.Content(albums)] | [$EXP[IsPalantirVistas] + Container.Content(files)] | Container.Content(seasons) | Container.Content(episodes) | Container.Content(movies) | Container.Content(musicvideos) | Container.Content(videos) | Container.Content(games) | Window.IsActive(videoplaylist) | Window.IsActive(musicplaylist)">
						<!--<control type="image">
							<left>0</left>
							<right>0</right>
							<bottom>0</bottom>
							<texture colordiffuse="button_focus">lists/focus.png</texture>
							<visible>Control.HasFocus(55)</visible>
						</control>
						<control type="image">
							<left>35</left>
							<centertop>50%</centertop>
							<width>32</width>
							<height>32</height>
							<texture>$VAR[ListWatchedIconVar]</texture>
						</control>
						<control type="label">
							<left>105</left>
							<top>0</top>
							<bottom>0</bottom>
							<right>40</right>
							<aligny>center</aligny>
							<scroll>true</scroll>
							<label>$VAR[ListLabelVar]</label>
							<shadowcolor>text_shadow</shadowcolor>
						</control>
						<control type="label">
							<left>105</left>
							<top>0</top>
							<bottom>0</bottom>
							<right>40</right>
							<align>right</align>
							<aligny>center</aligny>
							<label>$VAR[ListLabel2Var]</label>
							<shadowcolor>text_shadow</shadowcolor>
						</control>-->
						<control type="button">
							<focusedcolor>button_focus</focusedcolor>
							<textcolor>button_focus</textcolor>
							<label>$VAR[ListLabelVar]</label>
							<include content="DefaultSettingButton">
								<param name="texture" value="Palantir/lists/focus2.png"/>
								<param name="colordiffuse" value="button_focus_flix" />
								<param name="height" value="60" />
								<param name="textoffsetx" value="0" />
								<param name="texturenofocus" value="Palantir/lists/focus2.png"/>
								<param name="colordiffusenofocus" value="button_focus_flix" />
							</include>
							<left>20</left>
							<width max="480">auto</width>
							<visible>Control.HasFocus(55) + String.IsEqual(Skin.String(Infolistasgenericas),Alternativa)</visible>
						</control>
						<control type="button">
							<focusedcolor>button_focus</focusedcolor>
							<textcolor>button_focus</textcolor>
							<label>$VAR[ListLabelVar]</label>
							<include content="DefaultSettingButton">
								<param name="texture" value="Palantir/lists/focus2.png"/>
								<param name="colordiffuse" value="button_focus_flix" />
								<param name="height" value="60" />
								<param name="textoffsetx" value="0" />
								<param name="texturenofocus" value="Palantir/lists/focus2.png"/>
								<param name="colordiffusenofocus" value="button_focus_flix" />
							</include>
							<left>70</left>
							<width max="480">auto</width>
							<visible>Control.HasFocus(55) + String.IsEqual(Skin.String(Infolistasgenericas),Estuary) | String.IsEmpty(Skin.String(Infolistasgenericas))</visible>
						</control>
						<control type="button">
							<focusedcolor>button_focus</focusedcolor>
							<textcolor>white</textcolor>
							<label>$VAR[ListLabelVar]</label>
							<include content="DefaultSettingButton">
								<param name="texture" value="Palantir/lists/focus2.png"/>
								<param name="colordiffuse" value="button_focus_flix" />
								<param name="height" value="60" />
								<param name="textoffsetx" value="0" />
								<param name="texturenofocus" value="Palantir/lists/focus2.png"/>
								<param name="colordiffusenofocus" value="button_focus_flix" />
							</include>
							<left>20</left>
							<width max="480">auto</width>
							<visible>!Control.HasFocus(55) + String.IsEqual(Skin.String(Infolistasgenericas),Alternativa)</visible>
						</control>
						<control type="button">
							<focusedcolor>button_focus</focusedcolor>
							<textcolor>white</textcolor>
							<label>$VAR[ListLabelVar]</label>
							<include content="DefaultSettingButton">
								<param name="texture" value="Palantir/lists/focus2.png"/>
								<param name="colordiffuse" value="button_focus_flix" />
								<param name="height" value="60" />
								<param name="textoffsetx" value="0" />
								<param name="texturenofocus" value="Palantir/lists/focus2.png"/>
								<param name="colordiffusenofocus" value="button_focus_flix" />
							</include>
							<left>70</left>
							<width max="480">auto</width>
							<visible>!Control.HasFocus(55) + String.IsEqual(Skin.String(Infolistasgenericas),Estuary) | String.IsEmpty(Skin.String(Infolistasgenericas))</visible>
						</control>

						<control type="label">
							<top>0</top>
							<bottom>0</bottom>
							<left>100</left>
							<right>20</right>
							<align>right</align>
							<aligny>center</aligny>
							<font>font12</font>
							<textcolor>grey</textcolor>
							<label>$VAR[EtiquetaPoster]</label><!-- $VAR[ListLabel2Var]</label>-->
							<animation effect="fade" start="70" end="100" time="300" reversible="false">Focus</animation>
							<shadowcolor>text_shadow</shadowcolor>
							<visible>String.IsEqual(Skin.String(Infolistasgenericas),Alternativa)</visible>
						</control>
						<control type="label">
							<top>0</top>
							<bottom>0</bottom>
							<left>100</left>
							<right>20</right>
							<align>right</align>
							<aligny>center</aligny>
							<font>font12</font>
							<textcolor>grey</textcolor>
							<label>$VAR[ListLabel2Var]</label>
							<animation effect="fade" start="70" end="100" time="300" reversible="false">Focus</animation>
							<shadowcolor>text_shadow</shadowcolor>
							<visible>String.IsEqual(Skin.String(Infolistasgenericas),Estuary) | String.IsEmpty(Skin.String(Infolistasgenericas))</visible>
						</control>
						<control type="image">
							<left>21</left>
							<centertop>50%</centertop>
							<width>32</width>
							<height>32</height>
							<texture>$VAR[ListWatchedIconVar]</texture>
							<animation effect="fade" start="30" end="100" time="300" reversible="false">Focus</animation>
							<visible>String.IsEqual(Skin.String(Infolistasgenericas),Estuary) | String.IsEmpty(Skin.String(Infolistasgenericas))</visible>
						</control>

					</focusedlayout>
					<itemlayout height="list_item_height" condition="Container.Content(tvshows) | [$EXP[IsPalantirVistas] +  Container.Content(albums)] | [$EXP[IsPalantirVistas] + Container.Content(files)]  | Container.Content(seasons) | Container.Content(episodes) | Container.Content(movies) | Container.Content(musicvideos) | Container.Content(videos) | Container.Content(games) | Window.IsActive(videoplaylist) | Window.IsActive(musicplaylist)">
						<!--<control type="image">
							<left>35</left>
							<centertop>50%</centertop>
							<width>32</width>
							<height>32</height>
							<texture colordiffuse="grey">$VAR[ListWatchedIconVar]</texture>
						</control>
						<control type="label">
							<left>105</left>
							<top>0</top>
							<bottom>0</bottom>
							<right>40</right>
							<aligny>center</aligny>
							<label>$VAR[ListLabelVar]</label>
							<shadowcolor>text_shadow</shadowcolor>
						</control>
						<control type="label">
							<left>105</left>
							<top>0</top>
							<bottom>0</bottom>
							<right>40</right>
							<align>right</align>
							<aligny>center</aligny>
							<label>$VAR[ListLabel2Var]</label>
							<shadowcolor>text_shadow</shadowcolor>
						</control>-->
						<control type="label">
							<left>20</left>
							<right>30</right>
							<bottom>0</bottom>
							<label>$VAR[ListLabelVar]</label>
							<font>font25_title</font>
							<aligny>center</aligny>
							<width max="480">auto</width>
							<visible>String.IsEqual(Skin.String(Infolistasgenericas),Alternativa)</visible>
						</control>
						<control type="label">
							<left>70</left>
							<right>70</right>
							<top>0</top>
							<bottom>0</bottom>
							<aligny>center</aligny>
							<font>font27</font>
							<label>$VAR[ListLabelVar]</label>
							<shadowcolor>text_shadow</shadowcolor>
							<visible>String.IsEqual(Skin.String(Infolistasgenericas),Estuary) | String.IsEmpty(Skin.String(Infolistasgenericas))</visible>
						</control>

						<control type="label">
							<left>10</left>
							<right>20</right>
							<top>0</top>
							<bottom>0</bottom>
							<align>right</align>
							<aligny>center</aligny>
							<font>font12</font>
							<label>$VAR[EtiquetaPoster]</label><!-- $VAR[ListLabel2Var]</label>-->
							<textcolor>grey</textcolor>
							<shadowcolor>text_shadow</shadowcolor>
							<visible>String.IsEqual(Skin.String(Infolistasgenericas),Alternativa)</visible>
						</control>
						<control type="label">
							<left>10</left>
							<right>20</right>
							<top>0</top>
							<bottom>0</bottom>
							<align>right</align>
							<aligny>center</aligny>
							<font>font12</font>
							<label>$VAR[ListLabel2Var]</label>
							<textcolor>grey</textcolor>
							<shadowcolor>text_shadow</shadowcolor>
							<visible>String.IsEqual(Skin.String(Infolistasgenericas),Estuary) | String.IsEmpty(Skin.String(Infolistasgenericas))</visible>
						</control>
						<control type="image">
							<left>21</left>
							<centertop>50%</centertop>
							<width>32</width>
							<height>32</height>
							<texture colordiffuse="grey">$VAR[ListWatchedIconVar]</texture>
							<visible>String.IsEqual(Skin.String(Infolistasgenericas),Estuary) | String.IsEmpty(Skin.String(Infolistasgenericas))</visible>
						</control>
					</itemlayout>
					<focusedlayout height="list_item_height" condition="!Container.Content(songs) + !Container.Content(addons) + !Container.Content(playlists) + !Container.Content() + !Container.Content(tvshows) + !Container.Content(seasons) + !Container.Content(episodes) + !Container.Content(movies) + !Container.Content(musicvideos) + !Container.Content(videos)+ !Container.Content(favourites)">
						<control type="image">
							<left>0</left>
							<right>0</right>
							<bottom>0</bottom>
							<texture colordiffuse="button_focus">lists/focus.png</texture>
							<visible>Control.HasFocus(55)</visible>
						</control>
						<control type="image">
							<left>35</left>
							<centertop>50%</centertop>
							<width>32</width>
							<height>32</height>
							<texture>$VAR[ListWatchedIconVar]</texture>
						</control>
						<control type="label">
							<left>105</left>
							<top>0</top>
							<bottom>0</bottom>
							<right>40</right>
							<aligny>center</aligny>
							<scroll>true</scroll>
							<label>$INFO[ListItem.Label]</label>
							<shadowcolor>text_shadow</shadowcolor>
						</control>
						<control type="label">
							<left>105</left>
							<top>0</top>
							<bottom>0</bottom>
							<right>40</right>
							<align>right</align>
							<aligny>center</aligny>
							<label>$VAR[ListLabel2Var]</label>
							<shadowcolor>text_shadow</shadowcolor>
						</control>
					</focusedlayout>
					<itemlayout height="list_item_height" condition="!Container.Content(songs) + !Container.Content(addons) + !Container.Content(playlists) + !Container.Content() + !Container.Content(tvshows) + !Container.Content(seasons) + !Container.Content(episodes) + !Container.Content(movies) + !Container.Content(musicvideos) + !Container.Content(videos) + !Container.Content(favourites)">
						<control type="image">
							<left>35</left>
							<centertop>50%</centertop>
							<width>32</width>
							<height>32</height>
							<texture colordiffuse="grey">$VAR[ListWatchedIconVar]</texture>
						</control>
						<control type="label">
							<left>105</left>
							<top>0</top>
							<bottom>0</bottom>
							<right>40</right>
							<aligny>center</aligny>
							<label>$VAR[ListLabelVar]</label>
							<shadowcolor>text_shadow</shadowcolor>
						</control>
						<control type="label">
							<left>105</left>
							<top>0</top>
							<bottom>0</bottom>
							<right>40</right>
							<align>right</align>
							<aligny>center</aligny>
							<label>$VAR[ListLabel2Var]</label>
							<shadowcolor>text_shadow</shadowcolor>
						</control>
					</itemlayout>
					<focusedlayout height="list_item_height" condition="Container.Content(playlists) | Container.Content(favourites) | Container.Content()">
						<control type="button">
							<focusedcolor>button_focus</focusedcolor>
							<textcolor>button_focus</textcolor>
							<label>$VAR[ListLabelVar]</label>
							<include content="DefaultSettingButton">
								<param name="texture" value="Palantir/lists/focus2.png"/>
								<param name="colordiffuse" value="button_focus_flix" />
								<param name="height" value="60" />
								<param name="textoffsetx" value="0" />
								<param name="texturenofocus" value="Palantir/lists/focus2.png"/>
								<param name="colordiffusenofocus" value="button_focus_flix" />
							</include>
							<left>80</left>
							<width max="480">auto</width>
							<visible>Control.HasFocus(55)</visible>
						</control>
						<control type="button">
							
							<textcolor>white</textcolor>
							<label>$VAR[ListLabelVar]</label>
							<include content="DefaultSettingButton">
								<param name="texture" value="Palantir/lists/focus2.png"/>
								<param name="colordiffuse" value="button_focus_flix" />
								<param name="height" value="60" />
								<param name="textoffsetx" value="0" />
								<param name="texturenofocus" value="Palantir/lists/focus2.png"/>
								<param name="colordiffusenofocus" value="button_focus_flix" />
							</include>
							<left>80</left>
							<width max="480">auto</width>
							<visible>!Control.HasFocus(55)</visible>
						</control>
						
						<!-- <control type="image">
							<left>0</left>
							<right>0</right>
							<bottom>0</bottom>
							<texture colordiffuse="button_focus">lists/focus.png</texture>
							<visible>Control.HasFocus(55)</visible>
						</control> -->
						<control type="image">
							<left>20</left>
							<top>10</top>
							<width>60</width>
							<bottom>10</bottom>
							<aspectratio>keep</aspectratio>
							<texture>$INFO[ListItem.Icon]</texture>
						</control>
						<!-- <control type="label">
							<left>105</left>
							<top>0</top>
							<bottom>0</bottom>
							<right>100</right>
							<aligny>center</aligny>
							<scroll>true</scroll>
							<label>$INFO[ListItem.Label]</label>
							<shadowcolor>text_shadow</shadowcolor>
						</control> -->
					</focusedlayout>
					<itemlayout height="list_item_height" condition="Container.Content(playlists) | Container.Content(favourites) | Container.Content()">
						<control type="label">
							<left>80</left>
							<right>30</right>
							<bottom>0</bottom>
							<label>$INFO[ListItem.Label]</label>
							<font>font25_title</font>
							<aligny>center</aligny>
							<width max="480">auto</width>
						</control>
						
						<control type="image">
							<left>20</left>
							<top>10</top>
							<width>60</width>
							<bottom>10</bottom>
							<aspectratio>keep</aspectratio>
							<texture colordiffuse="grey">$INFO[ListItem.Icon]</texture>
						</control>
					</itemlayout>
					<include condition="Window.IsActive(music)">SongsListLayout</include>
					<include>AddonsListLayout</include>
				</control>
			</control>
		</definition>
	</include>





	<include name="SongsListLayout">
		<focusedlayout height="list_item_height" condition="Container.Content(songs)">
			<control type="image">
				<left>0</left>
				<right>0</right>
				<texture colordiffuse="button_focus">lists/focus.png</texture>
				<visible>Control.hasFocus(55)</visible>
			</control>
			<control type="label">
				<left>35</left>
				<right>40</right>
				<aligny>center</aligny>
				<scroll>true</scroll>
				<label>$VAR[ListLabelVar]</label>
				<shadowcolor>text_shadow</shadowcolor>
			</control>
			<control type="label">
				<left>35</left>
				<right>40</right>
				<align>right</align>
				<aligny>center</aligny>
				<label>$VAR[ListLabel2Var]</label>
				<shadowcolor>text_shadow</shadowcolor>
			</control>
		</focusedlayout>
		<itemlayout height="list_item_height" condition="Container.Content(songs)">
			<control type="label">
				<left>35</left>
				<right>40</right>
				<aligny>center</aligny>
				<label>$VAR[ListLabelVar]</label>
				<shadowcolor>text_shadow</shadowcolor>
			</control>
			<control type="label">
				<left>35</left>
				<right>40</right>
				<align>right</align>
				<aligny>center</aligny>
				<label>$VAR[ListLabel2Var]</label>
				<textcolor>grey</textcolor>
				<shadowcolor>text_shadow</shadowcolor>
			</control>
		</itemlayout>
	</include>


	<include name="AddonsListLayout">
		<focusedlayout height="list_item_height" condition="Container.Content(addons)">
			<!--<control type="image">
				<left>0</left>
				<right>0</right>
				<texture colordiffuse="button_focus">lists/focus.png</texture>
				<visible>Control.hasFocus(55)</visible>
			</control>-->

			<control type="button">
				<focusedcolor>button_focus</focusedcolor>
				<textcolor>button_focus</textcolor>
				<label>$INFO[ListItem.Label]</label>
				<include content="DefaultSettingButton">
					<param name="texture" value="Palantir/lists/focus2.png"/>
					<param name="colordiffuse" value="button_focus_flix" />
					<param name="height" value="60" />
					<param name="textoffsetx" value="0" />
					<param name="texturenofocus" value="Palantir/lists/focus2.png"/>
					<param name="colordiffusenofocus" value="button_focus_flix" />
				</include>
				<left>75</left>
				<width max="480">auto</width>
				<visible>Control.hasFocus(55)</visible>
			</control>
			<control type="button">
				<focusedcolor>button_focus</focusedcolor>
				<label>$INFO[ListItem.Label]</label>
				<include content="DefaultSettingButton">
					<param name="texture" value="Palantir/lists/focus2.png"/>
					<param name="colordiffuse" value="button_focus_flix" />
					<param name="height" value="60" />
					<param name="textoffsetx" value="0" />
					<param name="texturenofocus" value="Palantir/lists/focus2.png"/>
					<param name="colordiffusenofocus" value="button_focus_flix" />
				</include>
				<left>75</left>
				<width max="480">auto</width>
				<visible>!Control.hasFocus(55)</visible>
			</control>
			<control type="image">
				<left>20</left>
				<top>25</top>
				<width>32</width>
				<height>32</height>
				<texture>$VAR[AddonsListIconVar]</texture>
			</control>
			<!--<control type="label">
				<left>75</left>
				<right>40</right>
				<aligny>center</aligny>
				<scroll>true</scroll>
				<label>$INFO[ListItem.Label]</label>
			</control>-->
			<control type="label">
				<left>75</left>
				<right>90</right>
				<align>right</align>
				<aligny>center</aligny>
				<font>font25_title</font>
				<label>$VAR[AddonsLabel2Var]</label>
				<scroll>true</scroll>
			</control>
			<control type="image">
				<right>40</right>
				<top>25</top>
				<width>32</width>
				<height>32</height>
				<texture>$VAR[AddonsOriginVar]</texture>
				<visible>!ListItem.IsFolder</visible>
			</control>
		</focusedlayout>
		<itemlayout height="list_item_height" condition="Container.Content(addons)">
			<control type="image">
				<left>20</left>
				<top>25</top>
				<width>32</width>
				<height>32</height>
				<texture>$VAR[AddonsListIconVar]</texture>
			</control>

			<control type="label">
				<left>75</left>
				<right>30</right>
				<bottom>0</bottom>
				<label>$INFO[ListItem.Label]</label>
				<font>font25_title</font>
				<aligny>center</aligny>
				<width max="480">auto</width>
			</control>
			<!--<control type="label">
				<left>75</left>
				<right>40</right>
				<aligny>center</aligny>
				<label>$INFO[ListItem.Label]</label>
			</control>-->
			<control type="label">
				<left>75</left>
				<right>90</right>
				<align>right</align>
				<aligny>center</aligny>
				<font>font25_title</font>
				<label>$VAR[AddonsLabel2Var]</label>
				<textcolor>grey</textcolor>
				<shadowcolor>text_shadow</shadowcolor>
			</control>
			<control type="image">
				<right>40</right>
				<top>25</top>
				<width>32</width>
				<height>32</height>
				<texture>$VAR[AddonsOriginVar]</texture>
				<visible>!ListItem.IsFolder</visible>
			</control>
		</itemlayout>
	</include>
</includes>
