<?xml version="1.0" encoding="UTF-8"?>
<includes>
	<include name="View_50_List">
		<control type="group">
			<include>OpenClose_Right</include>
			<left>596</left>
			<visible>Control.IsVisible(50)</visible>
			<include>Visible_Right</include>
			<include content="ListContainer">
				<param name="list_id" value="50" />
				<param name="right" value="594" />
				<param name="viewtype_label" value="$LOCALIZE[535]" />
				<param name="visible" value="$EXP[Vista50]" />
			</include>
			<control type="group">
				<depth>DepthContentPanel</depth>
				<control type="group">
					<right>-20</right>
					<width>634</width>
					<include content="RightListPanel">
						<param name="list_id" value="50" />
					</include>
					<control type="scrollbar" id="50600">
						<left>20</left>
						<top>list_top_offset</top>
						<width>12</width>
						<bottom>list_bottom_offset</bottom>
						<onleft>50</onleft>
						<onright>50</onright>
						<orientation>vertical</orientation>
						<animation effect="zoom" end="50,100" time="300" tween="sine" center="20,0" easing="inout" condition="!Control.HasFocus(50600)">conditional</animation>
					</control>
				</control>
			</control>
		</control>
	</include>

	<include name="RightListPanel">
		<control type="group">
			<depth>DepthContentPanel</depth>
			<control type="group">
				<right>-32</right>
				<control type="group">
					<visible>!Container.Content(songs)</visible>
					
					<control type="image">
						<depth>DepthContentPopout</depth>
						<left>48</left>
						<top>160</top>
						<width>540</width>
						<height>850</height>
						<bottom>124</bottom>
						<fadetime>200</fadetime>
						<aspectratio aligny="top">keep</aspectratio>
						<texture fallback="DefaultVideo.png" background="true">$VAR[InfoWallThumbVar]</texture>
					</control>
					<include content="BandaVistos">
						<param name="Derecha" value="78"/>
						<param name="top" value="160"/>
					</include>
					<control type="progress">
						<left>55</left>
						<top>930</top>
						<width>520</width>
						<height>5</height>
						<texturebg></texturebg>
						<midtexture colordiffuse="progress" border="3">progress/texturebg_alt_white.png</midtexture>
						<info>ListItem.PercentPlayed</info>
						<visible>!Integer.IsEqual(ListItem.PercentPlayed,0)</visible>
					</control>	
				</control>
				<control type="group">
					<visible>Control.IsVisible(503) + Window.IsActive(musicplaylist)</visible>
					<control type="image">
						<left>58</left>
						<top>110</top>
						<width>540</width>
						<height>470</height>
						<aspectratio aligny="bottom">keep</aspectratio>
						<fadetime>300</fadetime>
						<texture fallback="DefaultAudio.png" background="true">$INFO[Player.Icon]</texture>
					</control>
					<control type="group">
						<left>301</left>
						<top>560</top>
						<control type="group">
							<animation effect="fade" time="0" condition="$PARAM[animation]">VisibleChange</animation>
							<include content="UserRatingContent" condition="Skin.HasSetting(circle_userrating)">
								<param name="infolabel" value="MusicPlayer.UserRating" />
							</include>
							<include content="UserRatingContent" condition="Skin.HasSetting(circle_rating)">
								<param name="infolabel" value="MusicPlayer.Rating" />
							</include>
						</control>
					</control>
					<control type="textbox" id="15599">
						<visible>Player.HasAudio + Window.IsActive(musicplaylist)</visible>
						<left>58</left>
						<top>600</top>
						<width>540</width>
						<bottom>70</bottom>
						<autoscroll time="3000" delay="7000" repeat="5000">!System.HasModalDialog + Skin.HasSetting(AutoScroll)</autoscroll>
						<label>[COLOR button_focus][B]$LOCALIZE[31000]: [/COLOR]$INFO[musicplayer.Playlistposition,]$INFO[musicplayer.Playlistlength,/][/B][CR]$VAR[NowPlayingInfoVar]</label>
					</control>
					<control type="textbox" id="15599">
						<visible>!Player.HasAudio + Window.IsActive(musicplaylist)</visible>
						<left>58</left>
						<top>640</top>
						<width>540</width>
						<bottom>70</bottom>
						<autoscroll time="3000" delay="7000" repeat="5000">!System.HasModalDialog + Skin.HasSetting(AutoScroll)</autoscroll>
						<label>[COLOR button_focus][B]$LOCALIZE[31000]: [/COLOR]$LOCALIZE[36623][/B]</label>
					</control>
				</control>
			</control>
		</control>
	</include>
	<include name="ListContainer">
		<param name="left">0</param>
		<param name="right">0</param>
		<definition>
			<control type="fixedlist" id="$PARAM[list_id]">
				<left>$PARAM[left]</left>
				<right>$PARAM[right]</right>
				<top>list_top_offset</top>
				<bottom>list_bottom_offset</bottom>
				<movement>6</movement>
				<focusposition>4</focusposition>
				<scrolltime tween="cubic" easing="out">500</scrolltime>
				<orientation>vertical</orientation>
				<pagecontrol>$PARAM[list_id]600</pagecontrol>
				<onleft>9000</onleft>
				<onright>$PARAM[list_id]600</onright>
				<onup>$PARAM[list_id]</onup>
				<ondown>$PARAM[list_id]</ondown>
				<viewtype label="$PARAM[viewtype_label]">list</viewtype>
				<visible>$PARAM[visible]</visible>
				<focusedlayout height="list_item_height">
					<include>botonFocusedLayoutVARs</include>

					<control type="button">
						<focusedcolor>button_focus</focusedcolor>
						<textcolor>button_focus</textcolor>
						<label>$VAR[ListLabelVar]</label>
						<include content="DefaultSettingButton">
							<param name="texture" value="Palantir/lists/focus2.png"/>
							<param name="colordiffuse" value="button_focus_flix" />
							<param name="height" value="60" />
							<param name="textoffsetx" value="0" />
							<param name="texturenofocus" value="Palantir/lists/focus2.png"/>
							<param name="colordiffusenofocus" value="button_focus_flix" />
						</include>
						<left>20</left>
						<width max="600">auto</width>
						<visible>Control.HasFocus($PARAM[list_id]) + String.IsEqual(Skin.String(Infolistasgenericas),Alternativa)</visible>
					</control>
					<control type="button">
						<focusedcolor>button_focus</focusedcolor>
						<textcolor>button_focus</textcolor>
						<label>$VAR[ListLabelVar]</label>
						<include content="DefaultSettingButton">
							<param name="texture" value="Palantir/lists/focus2.png"/>
							<param name="colordiffuse" value="button_focus_flix" />
							<param name="height" value="60" />
							<param name="textoffsetx" value="0" />
							<param name="texturenofocus" value="Palantir/lists/focus2.png"/>
							<param name="colordiffusenofocus" value="button_focus_flix" />
						</include>
						<left>70</left>
						<width max="550">auto</width>
						<visible>Control.HasFocus($PARAM[list_id]) + String.IsEqual(Skin.String(Infolistasgenericas),Estuary) | String.IsEmpty(Skin.String(Infolistasgenericas))</visible>
					</control>


					<control type="button">
						<focusedcolor>button_focus</focusedcolor>
						<textcolor>white</textcolor>
						<label>$VAR[ListLabelVar]</label>
						<include content="DefaultSettingButton">
							<param name="texture" value="Palantir/lists/focus2.png"/>
							<param name="colordiffuse" value="button_focus_flix" />
							<param name="height" value="60" />
							<param name="textoffsetx" value="0" />
							<param name="texturenofocus" value="Palantir/lists/focus2.png"/>
							<param name="colordiffusenofocus" value="button_focus_flix" />
						</include>
						<left>20</left>
						<width max="600">auto</width>
						<visible>!Control.HasFocus($PARAM[list_id]) + String.IsEqual(Skin.String(Infolistasgenericas),Alternativa)</visible>
					</control>
					<control type="button">
						<focusedcolor>button_focus</focusedcolor>
						<textcolor>white</textcolor>
						<label>$VAR[ListLabelVar]</label>
						<include content="DefaultSettingButton">
							<param name="texture" value="Palantir/lists/focus2.png"/>
							<param name="colordiffuse" value="button_focus_flix" />
							<param name="height" value="60" />
							<param name="textoffsetx" value="0" />
							<param name="texturenofocus" value="Palantir/lists/focus2.png"/>
							<param name="colordiffusenofocus" value="button_focus_flix" />
						</include>
						<left>70</left>
						<width max="550">auto</width>
						<visible>!Control.HasFocus($PARAM[list_id]) + String.IsEqual(Skin.String(Infolistasgenericas),Estuary) | String.IsEmpty(Skin.String(Infolistasgenericas))</visible>
					</control>

					<control type="label">
						<top>0</top>
						<bottom>0</bottom>
						<left>100</left>
						<right>20</right>
						<align>right</align>
						<aligny>center</aligny>
						<font>font12</font>
						<textcolor>grey</textcolor>
						<label>$VAR[EtiquetaPoster]</label><!-- $VAR[ListLabel2Var]</label>-->
						<animation effect="fade" start="70" end="100" time="300" reversible="false">Focus</animation>
						<shadowcolor>text_shadow</shadowcolor>
						<visible>String.IsEqual(Skin.String(Infolistasgenericas),Alternativa)</visible>
					</control>
					<control type="label">
						<top>0</top>
						<bottom>0</bottom>
						<left>100</left>
						<right>20</right>
						<align>right</align>
						<aligny>center</aligny>
						<font>font12</font>
						<textcolor>grey</textcolor>
						<label>$VAR[ListLabel2Var]</label>
						<animation effect="fade" start="70" end="100" time="300" reversible="false">Focus</animation>
						<shadowcolor>text_shadow</shadowcolor>
						<visible>String.IsEqual(Skin.String(Infolistasgenericas),Estuary) | String.IsEmpty(Skin.String(Infolistasgenericas))</visible>
					</control>
					<control type="image">
						<left>21</left>
						<centertop>50%</centertop>
						<width>32</width>
						<height>32</height>
						<texture>$VAR[ListWatchedIconVar]</texture>
						<animation effect="fade" start="30" end="100" time="300" reversible="false">Focus</animation>
						<visible>String.IsEqual(Skin.String(Infolistasgenericas),Estuary) | String.IsEmpty(Skin.String(Infolistasgenericas))</visible>
					</control>
				</focusedlayout>
				<itemlayout height="list_item_height">
					<control type="label">
						<left>20</left>
						<right>30</right>
						<bottom>0</bottom>
						<label>$VAR[InfoVista505TempEpi] $VAR[ListLabelVar]</label>
						<font>font25_title</font>
						<aligny>center</aligny>
						<width max="600">auto</width>
						<visible>String.IsEqual(Skin.String(Infolistasgenericas),Alternativa)</visible>
					</control>
					<control type="label">
						<left>70</left>
						<right>70</right>
						<top>0</top>
						<bottom>0</bottom>
						<aligny>center</aligny>
						<font>font27</font>
						<label>$VAR[SeasonEpisodeLabel] $VAR[ListLabelVar]</label>
						<shadowcolor>text_shadow</shadowcolor>
						<visible>String.IsEqual(Skin.String(Infolistasgenericas),Estuary) | String.IsEmpty(Skin.String(Infolistasgenericas))</visible>
					</control>

					<control type="label">
						<left>10</left>
						<right>20</right>
						<top>0</top>
						<bottom>0</bottom>
						<align>right</align>
						<aligny>center</aligny>
						<font>font12</font>
						<label>$VAR[EtiquetaPoster]</label><!-- $VAR[ListLabel2Var]</label>-->
						<textcolor>grey</textcolor>
						<shadowcolor>text_shadow</shadowcolor>
						<visible>String.IsEqual(Skin.String(Infolistasgenericas),Alternativa)</visible>
					</control>
					<control type="label">
						<left>10</left>
						<right>20</right>
						<top>0</top>
						<bottom>0</bottom>
						<align>right</align>
						<aligny>center</aligny>
						<font>font12</font>
						<label>$VAR[ListLabel2Var]</label>
						<textcolor>grey</textcolor>
						<shadowcolor>text_shadow</shadowcolor>
						<visible>String.IsEqual(Skin.String(Infolistasgenericas),Estuary) | String.IsEmpty(Skin.String(Infolistasgenericas))</visible>
					</control>
					<control type="image">
						<left>21</left>
						<centertop>50%</centertop>
						<width>32</width>
						<height>32</height>
						<texture colordiffuse="grey">$VAR[ListWatchedIconVar]</texture>
						<visible>String.IsEqual(Skin.String(Infolistasgenericas),Estuary) | String.IsEmpty(Skin.String(Infolistasgenericas))</visible>
					</control>
				</itemlayout>
			</control>
		</definition>
	</include>
	<include name="ListThumbInfoPanel">
		<param name="fallback_image"></param>
		<param name="flip_bg">false</param>
		<definition>
			<control type="group">
				<depth>DepthContentPanel</depth>
				<control type="image">
					<left>50</left>
					<top>210</top>
					<width>440</width>
					<height>370</height>
					<aspectratio aligny="bottom">keep</aspectratio>
					<fadetime>300</fadetime>
					<texture fallback="$PARAM[fallback_image]" background="true">$VAR[IconWallThumbVar]</texture>
					<visible>!String.IsEqual(ListItem.DbType,episode) + !String.IsEqual(ListItem.DBType,song)</visible>
				</control>
				<control type="image">
					<left>30</left>
					<top>110</top>
					<width>540</width>
					<height>330</height>
					<aspectratio aligny="bottom">keep</aspectratio>
					<fadetime>300</fadetime>
					<texture background="true">$VAR[ShiftThumbVar]</texture>
					<visible>String.IsEqual(ListItem.DbType,episode)</visible>
				</control>
				<control type="image">
					<left>30</left>
					<top>110</top>
					<width>540</width>
					<height>470</height>
					<aspectratio aligny="bottom">keep</aspectratio>
					<fadetime>300</fadetime>
					<texture fallback="DefaultAudio.png" background="true">$VAR[IconWallThumbVar]</texture>
					<visible>String.IsEqual(ListItem.DBType,song)</visible>
				</control>
				<control type="group">
					<left>273</left>
					<top>560</top>
					<include condition="Skin.HasSetting(circle_rating) | Skin.HasSetting(circle_userrating)">RatingCircle</include>
					<animation effect="slide" end="0,-140" time="0" condition="String.IsEqual(ListItem.DbType,episode)">conditional</animation>
				</control>
				<control type="group">
					<visible>!Container.Content() | !String.isEmpty(ListItem.Plot)</visible>
					<left>30</left>
					<control type="textbox" id="15500">
						<top>600</top>
						<width>540</width>
						<bottom>70</bottom>
						<font>font25_title</font>
						<autoscroll time="3000" delay="7000" repeat="5000">!System.HasModalDialog + Skin.HasSetting(AutoScroll)</autoscroll>
						<label>$VAR[ListBoxInfoVar]</label>
						<visible>!String.IsEqual(ListItem.DbType,episode) + !String.IsEqual(ListItem.DBType,song)</visible>
					</control>
					<control type="textbox" id="15501">
						<top>465</top>
						<width>540</width>
						<bottom>70</bottom>
						<autoscroll time="3000" delay="7000" repeat="5000">!System.HasModalDialog + Skin.HasSetting(AutoScroll)</autoscroll>
						<label>$INFO[ListItem.Plot]</label>
						<visible>String.IsEqual(ListItem.DbType,episode)</visible>
					</control>
					<control type="textbox" id="15502">
						<top>600</top>
						<width>540</width>
						<bottom>70</bottom>
						<autoscroll time="3000" delay="3000" repeat="5000">!System.HasModalDialog + Skin.HasSetting(AutoScroll)</autoscroll>
						<label>$VAR[ListBoxInfoVar]</label>
						<visible>String.IsEqual(ListItem.DBType,song)</visible>
					</control>
				</control>
				<control type="group">
					<left>20</left>
					<top>640</top>
					<visible>ListItem.IsCollection + String.IsEmpty(ListItem.Plot)</visible>
					<include content="InfoList">
						<param name="bottom" value="100" />
						<param name="width" value="540" />
						<param name="sortby" value="year" />
						<param name="sortorder" value="ascending" />
						<param name="font" value="font13" />
					</include>
				</control>
				<control type="group">
					<visible>!ListItem.IsCollection + String.IsEmpty(Control.GetLabel(15500)) + Control.IsVisible(15500)</visible>
					<control type="textbox">
						<left>30</left>
						<top>460</top>
						<width>540</width>
						<height>413</height>
						<align>center</align>
						<aligny>center</aligny>
						<font>font27</font>
						<textcolor>80FFFFFF</textcolor>
						<label>$LOCALIZE[19055]</label>
						<visible>!ListItem.IsParentFolder</visible>
						<visible>!Integer.IsGreater(Container(42000).NumItems,0) + !Integer.IsGreater(Container(43000).NumItems,0)</visible>
						<visible>!Container.Content() | !String.isempty(ListItem.Plot)</visible>
					</control>
					<control type="group">
						<left>20</left>
						<top>640</top>
						<visible>!String.IsEmpty(ListItem.DBID)</visible>
						<include content="InfoList">
							<param name="list_id" value="42000" />
							<param name="bottom" value="100" />
							<param name="width" value="540" />
							<param name="sortby" value="year" />
							<param name="sortorder" value="ascending" />
							<param name="item_label" value="$INFO[ListItem.Year,[COLOR button_focus],[/COLOR]  -  ]$INFO[ListItem.Label]" />
							<param name="visible" value="String.IsEqual(ListItem.DBType,artist)" />
						</include>
						<include content="InfoList">
							<param name="list_id" value="43000" />
							<param name="bottom" value="100" />
							<param name="width" value="540" />
							<param name="sortby" value="track" />
							<param name="sortorder" value="ascending" />
							<param name="item_label" value="$INFO[ListItem.Duration,[COLOR button_focus],[/COLOR]  -  ]$INFO[ListItem.Label]" />
							<param name="visible" value="String.IsEqual(ListItem.DBType,album)" />
						</include>
					</control>
				</control>
			</control>
		</definition>
	</include>
</includes>
