<?xml version="1.0" encoding="UTF-8"?>
<window>
	<include>Animation_DialogPopupOpenClose</include>
	<depth>DepthDialog+</depth>
	<controls>
		<control type="group">
			<height>400</height>
			<centertop>50%</centertop>
			<centerleft>50%</centerleft>
			<width>915</width>
			<include content="DialogBackgroundCommonsPalantir">
				<param name="width" value="915" />
				<param name="height" value="380" />
				<param name="header_label" value="" />
				<param name="header_id" value="1" />
			</include>
			<control type="textbox" id="9">
				<left>50</left>
				<top>100</top>
				<width>855</width>
				<height>165</height>
				<font>font25_title</font>
				<label></label>
				<autoscroll time="3000" delay="4000" repeat="5000">true</autoscroll>
			</control>
			<control type="progress" id="20">
				<left>50</left>
				<top>242</top>
				<width>855</width>
				<height>24</height>
				<info>System.Progressbar</info>
			</control>
			<control type="group">
				<centerleft>50%</centerleft>
				<top>310</top>
				<height>80</height>
				<width>800</width>
				<control type="grouplist" id="9000">
					<orientation>horizontal</orientation>
					<left>200</left>
					<top>0</top>	
					<itemgap>50</itemgap>
					<include content="DefaultDialogButton">
						<param name="id" value="11" />
						<param name="label" value="" />
					</include>
					<include content="DefaultDialogButton">
						<param name="id" value="10" />
						<param name="label" value="" />
					</include>
					<include content="DefaultDialogButton">
						<param name="id" value="12" />
						<param name="label" value="" />
					</include>
				</control>
			</control>
		</control>
	</controls>
</window>

