<?xml version="1.0" encoding="UTF-8"?>
<window>
	<defaultcontrol>3</defaultcontrol>
	<backgroundcolor>background</backgroundcolor>
	<controls>
		<include>DefaultBackground</include>
		<control type="multiimage">
			<depth>DepthBackground</depth>
			<include>FullScreenDimensions</include>
			<aspectratio>scale</aspectratio>
			<animation effect="zoom" center="auto" end="102,102" time="0" condition="Integer.IsGreater(System.StereoscopicMode,0)">conditional</animation>
			<animation effect="fade" start="0" end="100" time="400" reversible="true" condition="!Window.Previous(Settings)">WindowOpen</animation>
			<animation effect="fade" start="100" end="0" time="300" reversible="true" condition="!Window.Next(Settings)">WindowClose</animation>
			<animation effect="fade" time="400">VisibleChange</animation>
			<imagepath colordiffuse="35FFFFFF">$INFO[Skin.String(HomeFanart.path)]settings$INFO[Skin.String(HomeFanart.ext)]</imagepath>
			<visible>!Player.HasMedia + !String.IsEmpty(Skin.String(HomeFanart.path))</visible>
		</control>
		<control type="group">
			<include>OpenClose_Right</include>
			<control type="grouplist" id="5">
				<description>control area</description>
				<top>133</top>
				<left>470</left>
				<pagecontrol>60</pagecontrol>
				<right>0</right>
				<bottom>137</bottom>
				<onleft>3</onleft>
				<onright>60</onright>
				<onup>5</onup>
				<ondown>5</ondown>
			</control>
			<control type="image">
				<left>470</left>
				<top>130</top>
				<right>0</right>
				<height>2</height>
				<texture colordiffuse="button_focus" border="2">dialogs/separator-grey.png</texture>
			</control>
			<control type="image">
				<left>470</left>
				<bottom>135</bottom>
				<right>0</right>
				<height>2</height>
				<texture colordiffuse="button_focus" border="2">dialogs/separator-grey.png</texture>
			</control>
		</control>
		<control type="button" id="7">
			<description>Default Button</description>
			<focusedcolor>button_focus</focusedcolor>
			<include content="DefaultSettingButton">
				<param name="texture" value="noop"/>
				<param name="colordiffuse" value="noop" />
				<param name="height" value="60" />
				
			</include>
		</control>
		<control type="radiobutton" id="8">
			<description>Default RadioButton</description>
			<focusedcolor>button_focus</focusedcolor>
			<include content="DefaultSettingButton">
				<param name="texture" value="noop"/>
				<param name="colordiffuse" value="noop" />
				<param name="height" value="60" />
			</include>
		</control>
		<control type="spincontrolex" id="9">
			<description>Default SpinControlex</description>
			<focusedcolor>button_focus</focusedcolor>
			<include content="DefaultSettingButton">
				<param name="texture" value="noop"/>
				<param name="colordiffuse" value="noop" />
				<param name="height" value="60" />
			</include>
			<aligny>center</aligny>
		</control>
		<control type="sliderex" id="13">
			<description>Default Slider</description>
			<include>DefaultSettingButton</include>
			<aligny>center</aligny>
		</control>
		<control type="image" id="11">
			<description>separator image</description>
			<height>3</height>
			<texture colordiffuse="AAAAAAAA" border="3">dialogs/separator-grey.png</texture>
		</control>
		<control type="label" id="14">
			<description>Default Label</description>
			<width>1450</width>
			<textoffsetx>45</textoffsetx>
			<top>0</top>
			<height>50</height>
			<label></label>
			<align>center</align>
			<aligny>center</aligny>
			<font>font25_title</font>
			<textcolor>grey</textcolor>
			<shadowcolor>black</shadowcolor>
		</control>
		<control type="colorbutton" id="15">
			<description>Default ColorButton</description>
			<include>DefaultSettingButton</include>
		</control>

		
		<control type="group">
			<depth>DepthContentPanel</depth>
			<include>OpenClose_Left</include>
			<!--<include content="ContentPanel">
				<param name="width" value="530" />
			</include>-->
			<include>LogoSp</include>
			<control type="grouplist" id="3">
				<description>button area</description>
				<left>3%</left>
				<top>330</top>
				<width>470</width>
				<height>810</height>
				<usecontrolcoords>true</usecontrolcoords>
				<onleft>5</onleft>
				<onright>5</onright>
				<onup>3</onup>
				<ondown>20</ondown>
			</control>
			<control type="button" id="10">
			<description>Default Button</description>
				<textcolor>FFFFFFFF</textcolor>
      			<focusedcolor>$VAR[listafocuscolor]</focusedcolor>
  
				<description>Default Category Button</description>
				<left>0</left>
				<height>60</height>
				<width max="470">auto</width>
				<textoffsetx>0</textoffsetx>
				<aligny>center</aligny>
				<font>font25_title</font>
			
				<texturefocus colordiffuse="button_focus_flix">Palantir/lists/focus2.png</texturefocus>
				<texturenofocus />
			</control>

			
		</control>
		<control type="group">
			<right>0</right>
			<top>133</top>
			<bottom>137</bottom>
			<width>60</width>
			<control type="scrollbar" id="60">
				<right>0</right>
				<top>0</top>
				<bottom>0</bottom>
				<width>12</width>
				<orientation>vertical</orientation>
				<texturesliderbackground />
				<animation effect="slide" end="6,0" time="300" tween="sine" easing="inout" condition="!Control.HasFocus(60)">conditional</animation>
				<onleft>5</onleft>
				<onright>5</onright>
				<animation effect="fade" start="0" end="100" time="200" delay="300">Visible</animation>
				<animation effect="fade" start="100" end="0" time="200">Hidden</animation>
				<animation effect="fade" start="0" end="100" delay="300" time="320">WindowOpen</animation>
				<animation effect="fade" start="100" end="0" time="150">WindowClose</animation>
				<hitrect x="0" y="0" w="60" h="100%" />
			</control>
		</control>
		
			<include content="TopBar2" condition="$EXP[ActivarBarraSuperior]">
				<param name="breadcrumbs_label" value="$LOCALIZE[5]$INFO[Control.GetLabel(2), / ]" />
			</include>
		
		<include condition="$EXP[ActivarBarraInferior]">BottomBar</include>
		<control type="group">
			<depth>DepthContentPanel</depth>
			<include>OpenClose_Left</include>
			<control type="button" id="20">
				<description>Default Category Button</description>
				<left>6%</left>
				<height>60</height>
				<top>960</top>
				<width max="470">auto</width>
				<textoffsetx>0</textoffsetx>
				<aligny>center</aligny>
				<font>font20_title</font>
				<focusedcolor>IconsMenuFocus</focusedcolor>
				<texturefocus colordiffuse="button_focus_flix">Palantir/lists/focus2.png</texturefocus>
				<texturenofocus />
				<onup>3</onup>
				<onclick>SettingsLevelChange</onclick>	
			</control>
			<control type="image">
				<width>40</width>
				<height>40</height>
				<top>970</top>
				<left>3%</left>
				<texture>icons/settings.png</texture>
			</control>
		</control>
		<control type="group">
			<include>OpenClose_Right</include>
			<control type="textbox" id="6">
				<description>description area</description>
				<left>510</left>
				<bottom>25</bottom>
				<right>60</right>
				<height>102</height>
				<font>font12</font>
				<align>justify</align>
				<textcolor>button_focus</textcolor>
				<autoscroll time="3000" delay="5000" repeat="5000">true</autoscroll>
			</control>
		</control>
		<control type="label" id="2">
			<description>breadcrumbs label</description>
			<visible>False</visible>
		</control>
	</controls>
</window>
