<?xml version="1.0" encoding="UTF-8"?>
<template>
	<other include="PersonalWidgetList"> <!--original-->
        <condition tag="property" attribute="name|widget">PersonalWidgetList</condition>
		<property name="id" tag="mainmenuid" />
		<!-- <property name="WidgetStyle1" tag="property" attribute="name|widgetAspect.1" value="31338">ListPoster</property>
		<property name="WidgetStyle1" tag="property" attribute="name|widgetAspect.1" value="31339">NextAiringEpisodes</property>
		<property name="WidgetStyle1" tag="property" attribute="name|widgetAspect.1" value="31321">NextAiringEpisodesBanner</property>
		<property name="WidgetStyle1" tag="property" attribute="name|widgetAspect.1" value="31340">ListSquare</property>
		<property name="WidgetStyle1" tag="property" attribute="name|widgetAspect.1" value="31410">ListCategoriesPersonal</property>
		<property name="WidgetStyle1" tag="property" attribute="name|widgetAspect.1" value="135">ListGenres</property>
		<property name="WidgetStyle2" tag="property" attribute="name|widgetAspect.2" value="31338">ListPoster</property>
		<property name="WidgetStyle2" tag="property" attribute="name|widgetAspect.2" value="31339">NextAiringEpisodes</property>
		<property name="WidgetStyle2" tag="property" attribute="name|widgetAspect.2" value="31321">NextAiringEpisodesBanner</property>
		<property name="WidgetStyle2" tag="property" attribute="name|widgetAspect.2" value="31340">ListSquare</property>
		<property name="WidgetStyle2" tag="property" attribute="name|widgetAspect.2" value="31410">ListCategoriesPersonal</property>
		<property name="WidgetStyle2" tag="property" attribute="name|widgetAspect.2" value="135">ListGenres</property>
		<property name="WidgetStyle3" tag="property" attribute="name|widgetAspect.3" value="31338">ListPoster</property>
		<property name="WidgetStyle3" tag="property" attribute="name|widgetAspect.3" value="31339">NextAiringEpisodes</property>
		<property name="WidgetStyle3" tag="property" attribute="name|widgetAspect.3" value="31321">NextAiringEpisodesBanner</property>
		<property name="WidgetStyle3" tag="property" attribute="name|widgetAspect.3" value="31340">ListSquare</property>
		<property name="WidgetStyle3" tag="property" attribute="name|widgetAspect.3" value="31410">ListCategoriesPersonal</property>
		<property name="WidgetStyle3" tag="property" attribute="name|widgetAspect.3" value="135">ListGenres</property>
		<property name="WidgetStyle4" tag="property" attribute="name|widgetAspect.4" value="31338">ListPoster</property>
		<property name="WidgetStyle4" tag="property" attribute="name|widgetAspect.4" value="31339">NextAiringEpisodes</property>
		<property name="WidgetStyle4" tag="property" attribute="name|widgetAspect.4" value="31321">NextAiringEpisodesBanner</property>
		<property name="WidgetStyle4" tag="property" attribute="name|widgetAspect.4" value="31340">ListSquare</property>
		<property name="WidgetStyle4" tag="property" attribute="name|widgetAspect.4" value="31410">ListCategoriesPersonal</property>
		<property name="WidgetStyle4" tag="property" attribute="name|widgetAspect.4" value="135">ListGenres</property>
		<property name="WidgetStyle5" tag="property" attribute="name|widgetAspect.5" value="31338">ListPoster</property>
		<property name="WidgetStyle5" tag="property" attribute="name|widgetAspect.5" value="31339">NextAiringEpisodes</property>
		<property name="WidgetStyle5" tag="property" attribute="name|widgetAspect.5" value="31321">NextAiringEpisodesBanner</property>
		<property name="WidgetStyle5" tag="property" attribute="name|widgetAspect.5" value="31340">ListSquare</property>
		<property name="WidgetStyle5" tag="property" attribute="name|widgetAspect.5" value="31410">ListCategoriesPersonal</property>
		<property name="WidgetStyle5" tag="property" attribute="name|widgetAspect.5" value="135">ListGenres</property>
		<property name="WidgetStyle6" tag="property" attribute="name|widgetAspect.6" value="31338">ListPoster</property>
		<property name="WidgetStyle6" tag="property" attribute="name|widgetAspect.6" value="31339">NextAiringEpisodes</property>
		<property name="WidgetStyle6" tag="property" attribute="name|widgetAspect.6" value="31321">NextAiringEpisodesBanner</property>
		<property name="WidgetStyle6" tag="property" attribute="name|widgetAspect.6" value="31340">ListSquare</property>
		<property name="WidgetStyle6" tag="property" attribute="name|widgetAspect.6" value="31410">ListCategoriesPersonal</property>
		<property name="WidgetStyle6" tag="property" attribute="name|widgetAspect.6" value="135">ListGenres</property>
		<property name="WidgetStyle7" tag="property" attribute="name|widgetAspect.7" value="31338">ListPoster</property>
		<property name="WidgetStyle7" tag="property" attribute="name|widgetAspect.7" value="31339">NextAiringEpisodes</property>
		<property name="WidgetStyle7" tag="property" attribute="name|widgetAspect.7" value="31321">NextAiringEpisodesBanner</property>
		<property name="WidgetStyle7" tag="property" attribute="name|widgetAspect.7" value="31340">ListSquare</property>
		<property name="WidgetStyle7" tag="property" attribute="name|widgetAspect.7" value="31410">ListCategoriesPersonal</property>
		<property name="WidgetStyle7" tag="property" attribute="name|widgetAspect.7" value="135">ListGenres</property>
		<property name="WidgetStyle8" tag="property" attribute="name|widgetAspect.8" value="31338">ListPoster</property>
		<property name="WidgetStyle8" tag="property" attribute="name|widgetAspect.8" value="31339">NextAiringEpisodes</property>
		<property name="WidgetStyle8" tag="property" attribute="name|widgetAspect.8" value="31321">NextAiringEpisodesBanner</property>
		<property name="WidgetStyle8" tag="property" attribute="name|widgetAspect.8" value="31340">ListSquare</property>
		<property name="WidgetStyle8" tag="property" attribute="name|widgetAspect.8" value="31410">ListCategoriesPersonal</property>
		<property name="WidgetStyle8" tag="property" attribute="name|widgetAspect.8" value="135">ListGenres</property>
		<property name="sortby1" tag="property" attribute="name|widgetSortBy.1" value="568">lastplayed</property>
		<property name="sortby1" tag="property" attribute="name|widgetSortBy.1" value="12012">lastused</property>
		<property name="sortby1" tag="property" attribute="name|widgetSortBy.1" value="551">sorttitle</property>
		<property name="sortby1" tag="property" attribute="name|widgetSortBy.1" value="563">rating</property>
		<property name="sortby1" tag="property" attribute="name|widgetSortBy.1" value="562">year</property>
		<property name="sortby1" tag="property" attribute="name|widgetSortBy.1" value="570">dateadded</property>
		<property name="sortby1" tag="property" attribute="name|widgetSortBy.1" value="567">playcount</property>
		<property name="sortby1" tag="property" attribute="name|widgetSortBy.1" value="180">time</property>
		<property name="sortby1" tag="property" attribute="name|widgetSortBy.1" value="590">random</property>
		<property name="sortby1" tag="property" attribute="name|widgetSortBy.1" value="135">genre</property>
		<property name="sortby2" tag="property" attribute="name|widgetSortBy.2" value="568">lastplayed</property>
		<property name="sortby2" tag="property" attribute="name|widgetSortBy.2" value="12012">lastused</property>
		<property name="sortby2" tag="property" attribute="name|widgetSortBy.2" value="551">sorttitle</property>
		<property name="sortby2" tag="property" attribute="name|widgetSortBy.2" value="563">rating</property>
		<property name="sortby2" tag="property" attribute="name|widgetSortBy.2" value="562">year</property>
		<property name="sortby2" tag="property" attribute="name|widgetSortBy.2" value="570">dateadded</property>
		<property name="sortby2" tag="property" attribute="name|widgetSortBy.2" value="567">playcount</property>
		<property name="sortby2" tag="property" attribute="name|widgetSortBy.2" value="180">time</property>
		<property name="sortby2" tag="property" attribute="name|widgetSortBy.2" value="590">random</property>
		<property name="sortby2" tag="property" attribute="name|widgetSortBy.2" value="135">genre</property>
		<property name="sortby3" tag="property" attribute="name|widgetSortBy.3" value="568">lastplayed</property>
		<property name="sortby3" tag="property" attribute="name|widgetSortBy.3" value="12012">lastused</property>
		<property name="sortby3" tag="property" attribute="name|widgetSortBy.3" value="551">sorttitle</property>
		<property name="sortby3" tag="property" attribute="name|widgetSortBy.3" value="563">rating</property>
		<property name="sortby3" tag="property" attribute="name|widgetSortBy.3" value="562">year</property>
		<property name="sortby3" tag="property" attribute="name|widgetSortBy.3" value="570">dateadded</property>
		<property name="sortby3" tag="property" attribute="name|widgetSortBy.3" value="567">playcount</property>
		<property name="sortby3" tag="property" attribute="name|widgetSortBy.3" value="180">time</property>
		<property name="sortby3" tag="property" attribute="name|widgetSortBy.3" value="590">random</property>
		<property name="sortby3" tag="property" attribute="name|widgetSortBy.3" value="135">genre</property>
		<property name="sortby4" tag="property" attribute="name|widgetSortBy.4" value="568">lastplayed</property>
		<property name="sortby4" tag="property" attribute="name|widgetSortBy.4" value="12012">lastused</property>
		<property name="sortby4" tag="property" attribute="name|widgetSortBy.4" value="551">sorttitle</property>
		<property name="sortby4" tag="property" attribute="name|widgetSortBy.4" value="563">rating</property>
		<property name="sortby4" tag="property" attribute="name|widgetSortBy.4" value="562">year</property>
		<property name="sortby4" tag="property" attribute="name|widgetSortBy.4" value="570">dateadded</property>
		<property name="sortby4" tag="property" attribute="name|widgetSortBy.4" value="567">playcount</property>
		<property name="sortby4" tag="property" attribute="name|widgetSortBy.4" value="180">time</property>
		<property name="sortby4" tag="property" attribute="name|widgetSortBy.4" value="590">random</property>
		<property name="sortby4" tag="property" attribute="name|widgetSortBy.4" value="135">genre</property>
		<property name="sortby5" tag="property" attribute="name|widgetSortBy.5" value="568">lastplayed</property>
		<property name="sortby5" tag="property" attribute="name|widgetSortBy.5" value="12012">lastused</property>
		<property name="sortby5" tag="property" attribute="name|widgetSortBy.5" value="551">sorttitle</property>
		<property name="sortby5" tag="property" attribute="name|widgetSortBy.5" value="563">rating</property>
		<property name="sortby5" tag="property" attribute="name|widgetSortBy.5" value="562">year</property>
		<property name="sortby5" tag="property" attribute="name|widgetSortBy.5" value="570">dateadded</property>
		<property name="sortby5" tag="property" attribute="name|widgetSortBy.5" value="567">playcount</property>
		<property name="sortby5" tag="property" attribute="name|widgetSortBy.5" value="180">time</property>
		<property name="sortby5" tag="property" attribute="name|widgetSortBy.5" value="590">random</property>
		<property name="sortby5" tag="property" attribute="name|widgetSortBy.5" value="135">genre</property>
		<property name="sortby6" tag="property" attribute="name|widgetSortBy.6" value="568">lastplayed</property>
		<property name="sortby6" tag="property" attribute="name|widgetSortBy.6" value="12012">lastused</property>
		<property name="sortby6" tag="property" attribute="name|widgetSortBy.6" value="551">sorttitle</property>
		<property name="sortby6" tag="property" attribute="name|widgetSortBy.6" value="563">rating</property>
		<property name="sortby6" tag="property" attribute="name|widgetSortBy.6" value="562">year</property>
		<property name="sortby6" tag="property" attribute="name|widgetSortBy.6" value="570">dateadded</property>
		<property name="sortby6" tag="property" attribute="name|widgetSortBy.6" value="567">playcount</property>
		<property name="sortby6" tag="property" attribute="name|widgetSortBy.6" value="180">time</property>
		<property name="sortby6" tag="property" attribute="name|widgetSortBy.6" value="590">random</property>
		<property name="sortby6" tag="property" attribute="name|widgetSortBy.6" value="135">genre</property>
		<property name="sortby7" tag="property" attribute="name|widgetSortBy.7" value="568">lastplayed</property>
		<property name="sortby7" tag="property" attribute="name|widgetSortBy.7" value="12012">lastused</property>
		<property name="sortby7" tag="property" attribute="name|widgetSortBy.7" value="551">sorttitle</property>
		<property name="sortby7" tag="property" attribute="name|widgetSortBy.7" value="563">rating</property>
		<property name="sortby7" tag="property" attribute="name|widgetSortBy.7" value="562">year</property>
		<property name="sortby7" tag="property" attribute="name|widgetSortBy.7" value="570">dateadded</property>
		<property name="sortby7" tag="property" attribute="name|widgetSortBy.7" value="567">playcount</property>
		<property name="sortby7" tag="property" attribute="name|widgetSortBy.7" value="180">time</property>
		<property name="sortby7" tag="property" attribute="name|widgetSortBy.7" value="590">random</property>
		<property name="sortby7" tag="property" attribute="name|widgetSortBy.7" value="135">genre</property>
		<property name="sortby8" tag="property" attribute="name|widgetSortBy.8" value="568">lastplayed</property>
		<property name="sortby8" tag="property" attribute="name|widgetSortBy.8" value="12012">lastused</property>
		<property name="sortby8" tag="property" attribute="name|widgetSortBy.8" value="551">sorttitle</property>
		<property name="sortby8" tag="property" attribute="name|widgetSortBy.8" value="563">rating</property>
		<property name="sortby8" tag="property" attribute="name|widgetSortBy.8" value="562">year</property>
		<property name="sortby8" tag="property" attribute="name|widgetSortBy.8" value="570">dateadded</property>
		<property name="sortby8" tag="property" attribute="name|widgetSortBy.8" value="567">playcount</property>
		<property name="sortby8" tag="property" attribute="name|widgetSortBy.8" value="180">time</property>
		<property name="sortby8" tag="property" attribute="name|widgetSortBy.8" value="590">random</property>
		<property name="sortby8" tag="property" attribute="name|widgetSortBy.8" value="135">genre</property>
		<property name="sortorder1" tag="property" attribute="name|widgetSortDirection.1" value="584">ascending</property>
		<property name="sortorder1" tag="property" attribute="name|widgetSortDirection.1" value="585">descending</property>
		<property name="sortorder2" tag="property" attribute="name|widgetSortDirection.2" value="584">ascending</property>
		<property name="sortorder2" tag="property" attribute="name|widgetSortDirection.2" value="585">descending</property>
		<property name="sortorder3" tag="property" attribute="name|widgetSortDirection.3" value="584">ascending</property>
		<property name="sortorder3" tag="property" attribute="name|widgetSortDirection.3" value="585">descending</property>
		<property name="sortorder4" tag="property" attribute="name|widgetSortDirection.4" value="584">ascending</property>
		<property name="sortorder4" tag="property" attribute="name|widgetSortDirection.4" value="585">descending</property>
		<property name="sortorder5" tag="property" attribute="name|widgetSortDirection.5" value="584">ascending</property>
		<property name="sortorder5" tag="property" attribute="name|widgetSortDirection.5" value="585">descending</property>
		<property name="sortorder6" tag="property" attribute="name|widgetSortDirection.6" value="584">ascending</property>
		<property name="sortorder6" tag="property" attribute="name|widgetSortDirection.6" value="585">descending</property>
		<property name="sortorder7" tag="property" attribute="name|widgetSortDirection.7" value="584">ascending</property>
		<property name="sortorder7" tag="property" attribute="name|widgetSortDirection.7" value="585">descending</property>
		<property name="sortorder8" tag="property" attribute="name|widgetSortDirection.8" value="584">ascending</property>
		<property name="sortorder8" tag="property" attribute="name|widgetSortDirection.8" value="585">descending</property> -->
		<property name="name1" tag="property" attribute="name|widgetName.1" />
		<property name="target1" tag="property" attribute="name|widgetTarget.1" />
		<property name="content1" tag="property" attribute="name|widgetPath.1" />
		<property name="name2" tag="property" attribute="name|widgetName.2" />
		<property name="target2" tag="property" attribute="name|widgetTarget.2" />
		<property name="content2" tag="property" attribute="name|widgetPath.2" />
		<property name="name3" tag="property" attribute="name|widgetName.3" />
		<property name="target3" tag="property" attribute="name|widgetTarget.3" />
		<property name="content3" tag="property" attribute="name|widgetPath.3" />
		<property name="name4" tag="property" attribute="name|widgetName.4" />
		<property name="target4" tag="property" attribute="name|widgetTarget.4" />
		<property name="content4" tag="property" attribute="name|widgetPath.4" />
		<property name="name5" tag="property" attribute="name|widgetName.5" />
		<property name="target5" tag="property" attribute="name|widgetTarget.5" />
		<property name="content5" tag="property" attribute="name|widgetPath.5" />
		<property name="name6" tag="property" attribute="name|widgetName.6" />
		<property name="target6" tag="property" attribute="name|widgetTarget.6" />
		<property name="content6" tag="property" attribute="name|widgetPath.6" />
		<property name="name7" tag="property" attribute="name|widgetName.7" />
		<property name="target7" tag="property" attribute="name|widgetTarget.7" />
		<property name="content7" tag="property" attribute="name|widgetPath.7" />
		<property name="name8" tag="property" attribute="name|widgetName.8" />
		<property name="target8" tag="property" attribute="name|widgetTarget.8" />
		<property name="content8" tag="property" attribute="name|widgetPath.8" />
		<!--<property name="clickcondition" tag="property" attribute="name|onclick_condition" value="ListItem.IsResumable"/>
		<property name="clickaction" tag="property" attribute="name|onclick_action" value="PlayMedia($INFO[ListItem.FileNameAndPath]&amp;resumable=true)"/>-->
		
		<controls>
			<control type="group" id="22000">
				<visible>String.IsEqual(Container(9000).ListItem.Property(widget),PersonalWidgetList)</visible>
				<!--PALANTIR: descartada animacion de momento-->
				<!-- <include content="Visible_Right_Delayed_Home">
					<param name="id" value="PersonalWidgetList"/>
				</include>-->
				
				
				<control type="grouplist" id="22001">
					<include>WidgetGroupListCommon</include>
					<skinshortcuts>visibility</skinshortcuts>
					
					<top>0</top>
					<pagecontrol>22010</pagecontrol>
					<!--<include condition="!Skin.HasSetting(UseSmallerCategories) + Skin.HasSetting(UseWidgetListCategories )">PersonalWidgetListCategoriesBig</include> 
					<include condition="Skin.HasSetting(UseSmallerCategories) + Skin.HasSetting(UseWidgetListCategories )">PersonalWidgetListCategoriesSmall</include>-->
					<include content="WidgetListPoster">
					
						<param name="content_path" value="$SKINSHORTCUTS[content1]"/>
						<param name="widget_header" value="$SKINSHORTCUTS[name1]"/>
						<!--<param name="widget_header_focus" value="$VAR[WidgetLabelFocus22100$SKINSHORTCUTS[id]]"/>-->
						<param name="widget_target" value="$SKINSHORTCUTS[target1]"/>
						<param name="sortby" value="dateadded"/>
						<param name="sortorder" value="ascending"/>
						<param name="list_id" value="22100$SKINSHORTCUTS[id]"/>
						<param name="onclick_condition" value="ListItem.IsResumable" />
						<param name="onclick_action" value="PlayMedia($INFO[ListItem.FileNameAndPath]&amp;resumable=true)" />
						<!--<param name="onclick_condition" value="$SKINSHORTCUTS[clickcondition]"/>
						<param name="onclick_action" value="$SKINSHORTCUTS[clickaction]"/>-->
					</include>
					<include content="WidgetListPoster">
						<param name="content_path" value="$SKINSHORTCUTS[content2]"/>
						<param name="widget_header" value="$SKINSHORTCUTS[name2]"/>
						<!--<param name="widget_header_focus" value="$VAR[WidgetLabelFocus22200$SKINSHORTCUTS[id]]"/>-->
						<param name="widget_target" value="$SKINSHORTCUTS[target2]"/>
						<param name="sortby" value="dateadded"/>
						<param name="sortorder" value="ascending"/>
						<param name="list_id" value="22200$SKINSHORTCUTS[id]"/>
						<param name="onclick_condition" value="ListItem.IsResumable" />
						<param name="onclick_action" value="PlayMedia($INFO[ListItem.FileNameAndPath]&amp;resumable=true)" />
						<!--<param name="onclick_condition" value="$SKINSHORTCUTS[clickcondition]"/>
						<param name="onclick_action" value="$SKINSHORTCUTS[clickaction]"/>-->
					</include>
					<include content="WidgetListPoster">
						<param name="content_path" value="$SKINSHORTCUTS[content3]"/>
						<param name="sortby" value="dateadded"/>
						<!--<param name="widget_header_focus" value="$VAR[WidgetLabelFocus22300$SKINSHORTCUTS[id]]"/>-->
						<param name="widget_target" value="$SKINSHORTCUTS[target3]"/>
						<param name="sortby" value="$SKINSHORTCUTS[sortby3]"/>
						<param name="sortorder" value="ascending"/>
						<param name="list_id" value="22300$SKINSHORTCUTS[id]"/>
						<param name="onclick_condition" value="ListItem.IsResumable" />
						<param name="onclick_action" value="PlayMedia($INFO[ListItem.FileNameAndPath]&amp;resumable=true)" />
						<!--<param name="onclick_condition" value="$SKINSHORTCUTS[clickcondition]"/>
						<param name="onclick_action" value="$SKINSHORTCUTS[clickaction]"/>-->
					</include>
					<include content="WidgetListPoster">
						<param name="content_path" value="$SKINSHORTCUTS[content4]"/>
						<param name="widget_header" value="$SKINSHORTCUTS[name4]"/>
						<!--<param name="widget_header_focus" value="$VAR[WidgetLabelFocus22400$SKINSHORTCUTS[id]]"/>-->
						<param name="sortby" value="dateadded"/>
						<param name="sortby" value="ascending"/>
						<param name="sortorder" value="$SKINSHORTCUTS[sortorder4]"/>
						<param name="list_id" value="22400$SKINSHORTCUTS[id]"/>
						<param name="onclick_condition" value="ListItem.IsResumable" />
						<param name="onclick_action" value="PlayMedia($INFO[ListItem.FileNameAndPath]&amp;resumable=true)" />
						<!--<param name="onclick_condition" value="$SKINSHORTCUTS[clickcondition]"/>
						<param name="onclick_action" value="$SKINSHORTCUTS[clickaction]"/>-->
					</include>
					<include content="WidgetListPoster">
						<param name="content_path" value="$SKINSHORTCUTS[content5]"/>
						<param name="widget_header" value="$SKINSHORTCUTS[name5]"/>
						<!--<param name="widget_header_focus" value="$VAR[WidgetLabelFocus22500$SKINSHORTCUTS[id]]"/>-->
						<param name="widget_target" value="$SKINSHORTCUTS[target5]"/>
						<param name="sortby" value="dateadded"/>
						<param name="sortby" value="ascending"/>
						<param name="list_id" value="22500$SKINSHORTCUTS[id]"/>
						<param name="onclick_condition" value="ListItem.IsResumable" />
						<param name="onclick_action" value="PlayMedia($INFO[ListItem.FileNameAndPath]&amp;resumable=true)" />
						<!--<param name="onclick_condition" value="$SKINSHORTCUTS[clickcondition]"/>
						<param name="onclick_action" value="$SKINSHORTCUTS[clickaction]"/>-->
					</include>
					<include content="WidgetListPoster">
						<param name="content_path" value="$SKINSHORTCUTS[content6]"/>
						<param name="widget_header" value="$SKINSHORTCUTS[name6]"/>
						<!--<param name="widget_header_focus" value="$VAR[WidgetLabelFocus22600$SKINSHORTCUTS[id]]"/>-->
						<param name="widget_target" value="$SKINSHORTCUTS[target6]"/>
						<param name="sortby" value="dateadded"/>
						<param name="sortby" value="ascending"/>
						<param name="list_id" value="22600$SKINSHORTCUTS[id]"/>
						<param name="onclick_condition" value="ListItem.IsResumable" />
						<param name="onclick_action" value="PlayMedia($INFO[ListItem.FileNameAndPath]&amp;resumable=true)" />
						<!--<param name="onclick_condition" value="$SKINSHORTCUTS[clickcondition]"/>
						<param name="onclick_action" value="$SKINSHORTCUTS[clickaction]"/>-->
					</include>
					<include content="WidgetListPoster">
						<param name="content_path" value="$SKINSHORTCUTS[content7]"/>
						<param name="widget_header" value="$SKINSHORTCUTS[name7]"/>
						<!--<param name="widget_header_focus" value="$VAR[WidgetLabelFocus22700$SKINSHORTCUTS[id]]"/>-->
						<param name="widget_target" value="$SKINSHORTCUTS[target7]"/>
						<param name="sortby" value="dateadded"/>
						<param name="sortby" value="ascending"/>
						<param name="list_id" value="22700$SKINSHORTCUTS[id]"/>
						<param name="onclick_condition" value="ListItem.IsResumable" />
						<param name="onclick_action" value="PlayMedia($INFO[ListItem.FileNameAndPath]&amp;resumable=true)" />
						<!--<param name="onclick_condition" value="$SKINSHORTCUTS[clickcondition]"/>
						<param name="onclick_action" value="$SKINSHORTCUTS[clickaction]"/>-->
					</include>
					<include content="WidgetListPoster">
						<param name="content_path" value="$SKINSHORTCUTS[content8]"/>
						<param name="widget_header" value="$SKINSHORTCUTS[name8]"/>
						<!--<param name="widget_header_focus" value="$VAR[WidgetLabelFocus22800$SKINSHORTCUTS[id]]"/>-->
						<param name="widget_target" value="$SKINSHORTCUTS[target8]"/>
						<param name="sortby" value="dateadded"/>
						<param name="sortby" value="ascending"/>
						<param name="list_id" value="22800$SKINSHORTCUTS[id]"/>
						<param name="onclick_condition" value="ListItem.IsResumable" />
						<param name="onclick_action" value="PlayMedia($INFO[ListItem.FileNameAndPath]&amp;resumable=true)" />
						<!--<param name="onclick_condition" value="$SKINSHORTCUTS[clickcondition]"/>
						<param name="onclick_action" value="$SKINSHORTCUTS[clickaction]"/>-->
					</include>
				</control>
				<include content="WidgetScrollbar" condition="Skin.HasSetting(touchmode)">
					<param name="scrollbar_id" value="22010"/>
				</include>
			</control>
		</controls>
	</other>




	<other include="PersonalWidgetList_APAGADO"> <!--original-->
        <condition tag="property" attribute="name|widget">PersonalWidgetList</condition>
		<property name="id" tag="mainmenuid" />
		<property name="WidgetStyle1" tag="property" attribute="name|widgetAspect.1" value="31338">ListPoster</property>
		<property name="WidgetStyle1" tag="property" attribute="name|widgetAspect.1" value="31339">NextAiringEpisodes</property>
		<property name="WidgetStyle1" tag="property" attribute="name|widgetAspect.1" value="31321">NextAiringEpisodesBanner</property>
		<property name="WidgetStyle1" tag="property" attribute="name|widgetAspect.1" value="31340">ListSquare</property>
		<property name="WidgetStyle1" tag="property" attribute="name|widgetAspect.1" value="31410">ListCategoriesPersonal</property>
		<property name="WidgetStyle1" tag="property" attribute="name|widgetAspect.1" value="135">ListGenres</property>
		<property name="WidgetStyle2" tag="property" attribute="name|widgetAspect.2" value="31338">ListPoster</property>
		<property name="WidgetStyle2" tag="property" attribute="name|widgetAspect.2" value="31339">NextAiringEpisodes</property>
		<property name="WidgetStyle2" tag="property" attribute="name|widgetAspect.2" value="31321">NextAiringEpisodesBanner</property>
		<property name="WidgetStyle2" tag="property" attribute="name|widgetAspect.2" value="31340">ListSquare</property>
		<property name="WidgetStyle2" tag="property" attribute="name|widgetAspect.2" value="31410">ListCategoriesPersonal</property>
		<property name="WidgetStyle2" tag="property" attribute="name|widgetAspect.2" value="135">ListGenres</property>
		<property name="WidgetStyle3" tag="property" attribute="name|widgetAspect.3" value="31338">ListPoster</property>
		<property name="WidgetStyle3" tag="property" attribute="name|widgetAspect.3" value="31339">NextAiringEpisodes</property>
		<property name="WidgetStyle3" tag="property" attribute="name|widgetAspect.3" value="31321">NextAiringEpisodesBanner</property>
		<property name="WidgetStyle3" tag="property" attribute="name|widgetAspect.3" value="31340">ListSquare</property>
		<property name="WidgetStyle3" tag="property" attribute="name|widgetAspect.3" value="31410">ListCategoriesPersonal</property>
		<property name="WidgetStyle3" tag="property" attribute="name|widgetAspect.3" value="135">ListGenres</property>
		<property name="WidgetStyle4" tag="property" attribute="name|widgetAspect.4" value="31338">ListPoster</property>
		<property name="WidgetStyle4" tag="property" attribute="name|widgetAspect.4" value="31339">NextAiringEpisodes</property>
		<property name="WidgetStyle4" tag="property" attribute="name|widgetAspect.4" value="31321">NextAiringEpisodesBanner</property>
		<property name="WidgetStyle4" tag="property" attribute="name|widgetAspect.4" value="31340">ListSquare</property>
		<property name="WidgetStyle4" tag="property" attribute="name|widgetAspect.4" value="31410">ListCategoriesPersonal</property>
		<property name="WidgetStyle4" tag="property" attribute="name|widgetAspect.4" value="135">ListGenres</property>
		<property name="WidgetStyle5" tag="property" attribute="name|widgetAspect.5" value="31338">ListPoster</property>
		<property name="WidgetStyle5" tag="property" attribute="name|widgetAspect.5" value="31339">NextAiringEpisodes</property>
		<property name="WidgetStyle5" tag="property" attribute="name|widgetAspect.5" value="31321">NextAiringEpisodesBanner</property>
		<property name="WidgetStyle5" tag="property" attribute="name|widgetAspect.5" value="31340">ListSquare</property>
		<property name="WidgetStyle5" tag="property" attribute="name|widgetAspect.5" value="31410">ListCategoriesPersonal</property>
		<property name="WidgetStyle5" tag="property" attribute="name|widgetAspect.5" value="135">ListGenres</property>
		<property name="WidgetStyle6" tag="property" attribute="name|widgetAspect.6" value="31338">ListPoster</property>
		<property name="WidgetStyle6" tag="property" attribute="name|widgetAspect.6" value="31339">NextAiringEpisodes</property>
		<property name="WidgetStyle6" tag="property" attribute="name|widgetAspect.6" value="31321">NextAiringEpisodesBanner</property>
		<property name="WidgetStyle6" tag="property" attribute="name|widgetAspect.6" value="31340">ListSquare</property>
		<property name="WidgetStyle6" tag="property" attribute="name|widgetAspect.6" value="31410">ListCategoriesPersonal</property>
		<property name="WidgetStyle6" tag="property" attribute="name|widgetAspect.6" value="135">ListGenres</property>
		<property name="WidgetStyle7" tag="property" attribute="name|widgetAspect.7" value="31338">ListPoster</property>
		<property name="WidgetStyle7" tag="property" attribute="name|widgetAspect.7" value="31339">NextAiringEpisodes</property>
		<property name="WidgetStyle7" tag="property" attribute="name|widgetAspect.7" value="31321">NextAiringEpisodesBanner</property>
		<property name="WidgetStyle7" tag="property" attribute="name|widgetAspect.7" value="31340">ListSquare</property>
		<property name="WidgetStyle7" tag="property" attribute="name|widgetAspect.7" value="31410">ListCategoriesPersonal</property>
		<property name="WidgetStyle7" tag="property" attribute="name|widgetAspect.7" value="135">ListGenres</property>
		<property name="WidgetStyle8" tag="property" attribute="name|widgetAspect.8" value="31338">ListPoster</property>
		<property name="WidgetStyle8" tag="property" attribute="name|widgetAspect.8" value="31339">NextAiringEpisodes</property>
		<property name="WidgetStyle8" tag="property" attribute="name|widgetAspect.8" value="31321">NextAiringEpisodesBanner</property>
		<property name="WidgetStyle8" tag="property" attribute="name|widgetAspect.8" value="31340">ListSquare</property>
		<property name="WidgetStyle8" tag="property" attribute="name|widgetAspect.8" value="31410">ListCategoriesPersonal</property>
		<property name="WidgetStyle8" tag="property" attribute="name|widgetAspect.8" value="135">ListGenres</property>
		<property name="sortby1" tag="property" attribute="name|widgetSortBy.1" value="568">lastplayed</property>
		<property name="sortby1" tag="property" attribute="name|widgetSortBy.1" value="12012">lastused</property>
		<property name="sortby1" tag="property" attribute="name|widgetSortBy.1" value="551">sorttitle</property>
		<property name="sortby1" tag="property" attribute="name|widgetSortBy.1" value="563">rating</property>
		<property name="sortby1" tag="property" attribute="name|widgetSortBy.1" value="562">year</property>
		<property name="sortby1" tag="property" attribute="name|widgetSortBy.1" value="570">dateadded</property>
		<property name="sortby1" tag="property" attribute="name|widgetSortBy.1" value="567">playcount</property>
		<property name="sortby1" tag="property" attribute="name|widgetSortBy.1" value="180">time</property>
		<property name="sortby1" tag="property" attribute="name|widgetSortBy.1" value="590">random</property>
		<property name="sortby1" tag="property" attribute="name|widgetSortBy.1" value="135">genre</property>
		<property name="sortby2" tag="property" attribute="name|widgetSortBy.2" value="568">lastplayed</property>
		<property name="sortby2" tag="property" attribute="name|widgetSortBy.2" value="12012">lastused</property>
		<property name="sortby2" tag="property" attribute="name|widgetSortBy.2" value="551">sorttitle</property>
		<property name="sortby2" tag="property" attribute="name|widgetSortBy.2" value="563">rating</property>
		<property name="sortby2" tag="property" attribute="name|widgetSortBy.2" value="562">year</property>
		<property name="sortby2" tag="property" attribute="name|widgetSortBy.2" value="570">dateadded</property>
		<property name="sortby2" tag="property" attribute="name|widgetSortBy.2" value="567">playcount</property>
		<property name="sortby2" tag="property" attribute="name|widgetSortBy.2" value="180">time</property>
		<property name="sortby2" tag="property" attribute="name|widgetSortBy.2" value="590">random</property>
		<property name="sortby2" tag="property" attribute="name|widgetSortBy.2" value="135">genre</property>
		<property name="sortby3" tag="property" attribute="name|widgetSortBy.3" value="568">lastplayed</property>
		<property name="sortby3" tag="property" attribute="name|widgetSortBy.3" value="12012">lastused</property>
		<property name="sortby3" tag="property" attribute="name|widgetSortBy.3" value="551">sorttitle</property>
		<property name="sortby3" tag="property" attribute="name|widgetSortBy.3" value="563">rating</property>
		<property name="sortby3" tag="property" attribute="name|widgetSortBy.3" value="562">year</property>
		<property name="sortby3" tag="property" attribute="name|widgetSortBy.3" value="570">dateadded</property>
		<property name="sortby3" tag="property" attribute="name|widgetSortBy.3" value="567">playcount</property>
		<property name="sortby3" tag="property" attribute="name|widgetSortBy.3" value="180">time</property>
		<property name="sortby3" tag="property" attribute="name|widgetSortBy.3" value="590">random</property>
		<property name="sortby3" tag="property" attribute="name|widgetSortBy.3" value="135">genre</property>
		<property name="sortby4" tag="property" attribute="name|widgetSortBy.4" value="568">lastplayed</property>
		<property name="sortby4" tag="property" attribute="name|widgetSortBy.4" value="12012">lastused</property>
		<property name="sortby4" tag="property" attribute="name|widgetSortBy.4" value="551">sorttitle</property>
		<property name="sortby4" tag="property" attribute="name|widgetSortBy.4" value="563">rating</property>
		<property name="sortby4" tag="property" attribute="name|widgetSortBy.4" value="562">year</property>
		<property name="sortby4" tag="property" attribute="name|widgetSortBy.4" value="570">dateadded</property>
		<property name="sortby4" tag="property" attribute="name|widgetSortBy.4" value="567">playcount</property>
		<property name="sortby4" tag="property" attribute="name|widgetSortBy.4" value="180">time</property>
		<property name="sortby4" tag="property" attribute="name|widgetSortBy.4" value="590">random</property>
		<property name="sortby4" tag="property" attribute="name|widgetSortBy.4" value="135">genre</property>
		<property name="sortby5" tag="property" attribute="name|widgetSortBy.5" value="568">lastplayed</property>
		<property name="sortby5" tag="property" attribute="name|widgetSortBy.5" value="12012">lastused</property>
		<property name="sortby5" tag="property" attribute="name|widgetSortBy.5" value="551">sorttitle</property>
		<property name="sortby5" tag="property" attribute="name|widgetSortBy.5" value="563">rating</property>
		<property name="sortby5" tag="property" attribute="name|widgetSortBy.5" value="562">year</property>
		<property name="sortby5" tag="property" attribute="name|widgetSortBy.5" value="570">dateadded</property>
		<property name="sortby5" tag="property" attribute="name|widgetSortBy.5" value="567">playcount</property>
		<property name="sortby5" tag="property" attribute="name|widgetSortBy.5" value="180">time</property>
		<property name="sortby5" tag="property" attribute="name|widgetSortBy.5" value="590">random</property>
		<property name="sortby5" tag="property" attribute="name|widgetSortBy.5" value="135">genre</property>
		<property name="sortby6" tag="property" attribute="name|widgetSortBy.6" value="568">lastplayed</property>
		<property name="sortby6" tag="property" attribute="name|widgetSortBy.6" value="12012">lastused</property>
		<property name="sortby6" tag="property" attribute="name|widgetSortBy.6" value="551">sorttitle</property>
		<property name="sortby6" tag="property" attribute="name|widgetSortBy.6" value="563">rating</property>
		<property name="sortby6" tag="property" attribute="name|widgetSortBy.6" value="562">year</property>
		<property name="sortby6" tag="property" attribute="name|widgetSortBy.6" value="570">dateadded</property>
		<property name="sortby6" tag="property" attribute="name|widgetSortBy.6" value="567">playcount</property>
		<property name="sortby6" tag="property" attribute="name|widgetSortBy.6" value="180">time</property>
		<property name="sortby6" tag="property" attribute="name|widgetSortBy.6" value="590">random</property>
		<property name="sortby6" tag="property" attribute="name|widgetSortBy.6" value="135">genre</property>
		<property name="sortby7" tag="property" attribute="name|widgetSortBy.7" value="568">lastplayed</property>
		<property name="sortby7" tag="property" attribute="name|widgetSortBy.7" value="12012">lastused</property>
		<property name="sortby7" tag="property" attribute="name|widgetSortBy.7" value="551">sorttitle</property>
		<property name="sortby7" tag="property" attribute="name|widgetSortBy.7" value="563">rating</property>
		<property name="sortby7" tag="property" attribute="name|widgetSortBy.7" value="562">year</property>
		<property name="sortby7" tag="property" attribute="name|widgetSortBy.7" value="570">dateadded</property>
		<property name="sortby7" tag="property" attribute="name|widgetSortBy.7" value="567">playcount</property>
		<property name="sortby7" tag="property" attribute="name|widgetSortBy.7" value="180">time</property>
		<property name="sortby7" tag="property" attribute="name|widgetSortBy.7" value="590">random</property>
		<property name="sortby7" tag="property" attribute="name|widgetSortBy.7" value="135">genre</property>
		<property name="sortby8" tag="property" attribute="name|widgetSortBy.8" value="568">lastplayed</property>
		<property name="sortby8" tag="property" attribute="name|widgetSortBy.8" value="12012">lastused</property>
		<property name="sortby8" tag="property" attribute="name|widgetSortBy.8" value="551">sorttitle</property>
		<property name="sortby8" tag="property" attribute="name|widgetSortBy.8" value="563">rating</property>
		<property name="sortby8" tag="property" attribute="name|widgetSortBy.8" value="562">year</property>
		<property name="sortby8" tag="property" attribute="name|widgetSortBy.8" value="570">dateadded</property>
		<property name="sortby8" tag="property" attribute="name|widgetSortBy.8" value="567">playcount</property>
		<property name="sortby8" tag="property" attribute="name|widgetSortBy.8" value="180">time</property>
		<property name="sortby8" tag="property" attribute="name|widgetSortBy.8" value="590">random</property>
		<property name="sortby8" tag="property" attribute="name|widgetSortBy.8" value="135">genre</property>
		<property name="sortorder1" tag="property" attribute="name|widgetSortDirection.1" value="584">ascending</property>
		<property name="sortorder1" tag="property" attribute="name|widgetSortDirection.1" value="585">descending</property>
		<property name="sortorder2" tag="property" attribute="name|widgetSortDirection.2" value="584">ascending</property>
		<property name="sortorder2" tag="property" attribute="name|widgetSortDirection.2" value="585">descending</property>
		<property name="sortorder3" tag="property" attribute="name|widgetSortDirection.3" value="584">ascending</property>
		<property name="sortorder3" tag="property" attribute="name|widgetSortDirection.3" value="585">descending</property>
		<property name="sortorder4" tag="property" attribute="name|widgetSortDirection.4" value="584">ascending</property>
		<property name="sortorder4" tag="property" attribute="name|widgetSortDirection.4" value="585">descending</property>
		<property name="sortorder5" tag="property" attribute="name|widgetSortDirection.5" value="584">ascending</property>
		<property name="sortorder5" tag="property" attribute="name|widgetSortDirection.5" value="585">descending</property>
		<property name="sortorder6" tag="property" attribute="name|widgetSortDirection.6" value="584">ascending</property>
		<property name="sortorder6" tag="property" attribute="name|widgetSortDirection.6" value="585">descending</property>
		<property name="sortorder7" tag="property" attribute="name|widgetSortDirection.7" value="584">ascending</property>
		<property name="sortorder7" tag="property" attribute="name|widgetSortDirection.7" value="585">descending</property>
		<property name="sortorder8" tag="property" attribute="name|widgetSortDirection.8" value="584">ascending</property>
		<property name="sortorder8" tag="property" attribute="name|widgetSortDirection.8" value="585">descending</property>
		<property name="name1" tag="property" attribute="name|widgetName.1" />
		<property name="target1" tag="property" attribute="name|widgetTarget.1" />
		<property name="content1" tag="property" attribute="name|widgetPath.1" />
		<property name="name2" tag="property" attribute="name|widgetName.2" />
		<property name="target2" tag="property" attribute="name|widgetTarget.2" />
		<property name="content2" tag="property" attribute="name|widgetPath.2" />
		<property name="name3" tag="property" attribute="name|widgetName.3" />
		<property name="target3" tag="property" attribute="name|widgetTarget.3" />
		<property name="content3" tag="property" attribute="name|widgetPath.3" />
		<property name="name4" tag="property" attribute="name|widgetName.4" />
		<property name="target4" tag="property" attribute="name|widgetTarget.4" />
		<property name="content4" tag="property" attribute="name|widgetPath.4" />
		<property name="name5" tag="property" attribute="name|widgetName.5" />
		<property name="target5" tag="property" attribute="name|widgetTarget.5" />
		<property name="content5" tag="property" attribute="name|widgetPath.5" />
		<property name="name6" tag="property" attribute="name|widgetName.6" />
		<property name="target6" tag="property" attribute="name|widgetTarget.6" />
		<property name="content6" tag="property" attribute="name|widgetPath.6" />
		<property name="name7" tag="property" attribute="name|widgetName.7" />
		<property name="target7" tag="property" attribute="name|widgetTarget.7" />
		<property name="content7" tag="property" attribute="name|widgetPath.7" />
		<property name="name8" tag="property" attribute="name|widgetName.8" />
		<property name="target8" tag="property" attribute="name|widgetTarget.8" />
		<property name="content8" tag="property" attribute="name|widgetPath.8" />
		<!--<property name="clickcondition" tag="property" attribute="name|onclick_condition" value="ListItem.IsResumable"/>
		<property name="clickaction" tag="property" attribute="name|onclick_action" value="PlayMedia($INFO[ListItem.FileNameAndPath]&amp;resumable=true)"/>-->
		
		<controls>
			<control type="group" id="22000">
				<visible>String.IsEqual(Container(9000).ListItem.Property(widget),PersonalWidgetList)</visible>
				<!--PALANTIR: descartada animacion de momento-->
				<!-- <include content="Visible_Right_Delayed_Home">
					<param name="id" value="PersonalWidgetList"/>
				</include>-->
				
				
				<control type="grouplist" id="22001">
					<include>WidgetGroupListCommon</include>
					<skinshortcuts>visibility</skinshortcuts>
					
					<top>0</top>
					<pagecontrol>22010</pagecontrol>
					<!--<include condition="!Skin.HasSetting(UseSmallerCategories) + Skin.HasSetting(UseWidgetListCategories )">PersonalWidgetListCategoriesBig</include> 
					<include condition="Skin.HasSetting(UseSmallerCategories) + Skin.HasSetting(UseWidgetListCategories )">PersonalWidgetListCategoriesSmall</include>-->
					<include content="Widget$SKINSHORTCUTS[WidgetStyle1]">
					
						<param name="content_path" value="$SKINSHORTCUTS[content1]"/>
						<param name="widget_header" value="$SKINSHORTCUTS[name1]"/>
						<!--<param name="widget_header_focus" value="$VAR[WidgetLabelFocus22100$SKINSHORTCUTS[id]]"/>-->
						<param name="widget_target" value="$SKINSHORTCUTS[target1]"/>
						<param name="sortby" value="$SKINSHORTCUTS[sortby1]"/>
						<param name="sortorder" value="$SKINSHORTCUTS[sortorder1]"/>
						<param name="list_id" value="22100$SKINSHORTCUTS[id]"/>
						<param name="onclick_condition" value="ListItem.IsResumable" />
						<param name="onclick_action" value="PlayMedia($INFO[ListItem.FileNameAndPath]&amp;resumable=true)" />
						<!--<param name="onclick_condition" value="$SKINSHORTCUTS[clickcondition]"/>
						<param name="onclick_action" value="$SKINSHORTCUTS[clickaction]"/>-->
					</include>
					<include content="Widget$SKINSHORTCUTS[WidgetStyle2]">
						<param name="content_path" value="$SKINSHORTCUTS[content2]"/>
						<param name="widget_header" value="$SKINSHORTCUTS[name2]"/>
						<!--<param name="widget_header_focus" value="$VAR[WidgetLabelFocus22200$SKINSHORTCUTS[id]]"/>-->
						<param name="widget_target" value="$SKINSHORTCUTS[target2]"/>
						<param name="sortby" value="$SKINSHORTCUTS[sortby2]"/>
						<param name="sortorder" value="$SKINSHORTCUTS[sortorder2]"/>
						<param name="list_id" value="22200$SKINSHORTCUTS[id]"/>
						<param name="onclick_condition" value="ListItem.IsResumable" />
						<param name="onclick_action" value="PlayMedia($INFO[ListItem.FileNameAndPath]&amp;resumable=true)" />
						<!--<param name="onclick_condition" value="$SKINSHORTCUTS[clickcondition]"/>
						<param name="onclick_action" value="$SKINSHORTCUTS[clickaction]"/>-->
					</include>
					<include content="Widget$SKINSHORTCUTS[WidgetStyle3]">
						<param name="content_path" value="$SKINSHORTCUTS[content3]"/>
						<param name="widget_header" value="$SKINSHORTCUTS[name3]"/>
						<!--<param name="widget_header_focus" value="$VAR[WidgetLabelFocus22300$SKINSHORTCUTS[id]]"/>-->
						<param name="widget_target" value="$SKINSHORTCUTS[target3]"/>
						<param name="sortby" value="$SKINSHORTCUTS[sortby3]"/>
						<param name="sortorder" value="$SKINSHORTCUTS[sortorder3]"/>
						<param name="list_id" value="22300$SKINSHORTCUTS[id]"/>
						<param name="onclick_condition" value="ListItem.IsResumable" />
						<param name="onclick_action" value="PlayMedia($INFO[ListItem.FileNameAndPath]&amp;resumable=true)" />
						<!--<param name="onclick_condition" value="$SKINSHORTCUTS[clickcondition]"/>
						<param name="onclick_action" value="$SKINSHORTCUTS[clickaction]"/>-->
					</include>
					<include content="Widget$SKINSHORTCUTS[WidgetStyle4]">
						<param name="content_path" value="$SKINSHORTCUTS[content4]"/>
						<param name="widget_header" value="$SKINSHORTCUTS[name4]"/>
						<!--<param name="widget_header_focus" value="$VAR[WidgetLabelFocus22400$SKINSHORTCUTS[id]]"/>-->
						<param name="widget_target" value="$SKINSHORTCUTS[target4]"/>
						<param name="sortby" value="$SKINSHORTCUTS[sortby4]"/>
						<param name="sortorder" value="$SKINSHORTCUTS[sortorder4]"/>
						<param name="list_id" value="22400$SKINSHORTCUTS[id]"/>
						<param name="onclick_condition" value="ListItem.IsResumable" />
						<param name="onclick_action" value="PlayMedia($INFO[ListItem.FileNameAndPath]&amp;resumable=true)" />
						<!--<param name="onclick_condition" value="$SKINSHORTCUTS[clickcondition]"/>
						<param name="onclick_action" value="$SKINSHORTCUTS[clickaction]"/>-->
					</include>
					<include content="Widget$SKINSHORTCUTS[WidgetStyle5]">
						<param name="content_path" value="$SKINSHORTCUTS[content5]"/>
						<param name="widget_header" value="$SKINSHORTCUTS[name5]"/>
						<!--<param name="widget_header_focus" value="$VAR[WidgetLabelFocus22500$SKINSHORTCUTS[id]]"/>-->
						<param name="widget_target" value="$SKINSHORTCUTS[target5]"/>
						<param name="sortby" value="$SKINSHORTCUTS[sortby5]"/>
						<param name="sortorder" value="$SKINSHORTCUTS[sortorder5]"/>
						<param name="list_id" value="22500$SKINSHORTCUTS[id]"/>
						<param name="onclick_condition" value="ListItem.IsResumable" />
						<param name="onclick_action" value="PlayMedia($INFO[ListItem.FileNameAndPath]&amp;resumable=true)" />
						<!--<param name="onclick_condition" value="$SKINSHORTCUTS[clickcondition]"/>
						<param name="onclick_action" value="$SKINSHORTCUTS[clickaction]"/>-->
					</include>
					<include content="Widget$SKINSHORTCUTS[WidgetStyle6]">
						<param name="content_path" value="$SKINSHORTCUTS[content6]"/>
						<param name="widget_header" value="$SKINSHORTCUTS[name6]"/>
						<!--<param name="widget_header_focus" value="$VAR[WidgetLabelFocus22600$SKINSHORTCUTS[id]]"/>-->
						<param name="widget_target" value="$SKINSHORTCUTS[target6]"/>
						<param name="sortby" value="$SKINSHORTCUTS[sortby6]"/>
						<param name="sortorder" value="$SKINSHORTCUTS[sortorder6]"/>
						<param name="list_id" value="22600$SKINSHORTCUTS[id]"/>
						<param name="onclick_condition" value="ListItem.IsResumable" />
						<param name="onclick_action" value="PlayMedia($INFO[ListItem.FileNameAndPath]&amp;resumable=true)" />
						<!--<param name="onclick_condition" value="$SKINSHORTCUTS[clickcondition]"/>
						<param name="onclick_action" value="$SKINSHORTCUTS[clickaction]"/>-->
					</include>
					<include content="Widget$SKINSHORTCUTS[WidgetStyle7]">
						<param name="content_path" value="$SKINSHORTCUTS[content7]"/>
						<param name="widget_header" value="$SKINSHORTCUTS[name7]"/>
						<!--<param name="widget_header_focus" value="$VAR[WidgetLabelFocus22700$SKINSHORTCUTS[id]]"/>-->
						<param name="widget_target" value="$SKINSHORTCUTS[target7]"/>
						<param name="sortby" value="$SKINSHORTCUTS[sortby7]"/>
						<param name="sortorder" value="$SKINSHORTCUTS[sortorder7]"/>
						<param name="list_id" value="22700$SKINSHORTCUTS[id]"/>
						<param name="onclick_condition" value="ListItem.IsResumable" />
						<param name="onclick_action" value="PlayMedia($INFO[ListItem.FileNameAndPath]&amp;resumable=true)" />
						<!--<param name="onclick_condition" value="$SKINSHORTCUTS[clickcondition]"/>
						<param name="onclick_action" value="$SKINSHORTCUTS[clickaction]"/>-->
					</include>
					<include content="Widget$SKINSHORTCUTS[WidgetStyle8]">
						<param name="content_path" value="$SKINSHORTCUTS[content8]"/>
						<param name="widget_header" value="$SKINSHORTCUTS[name8]"/>
						<!--<param name="widget_header_focus" value="$VAR[WidgetLabelFocus22800$SKINSHORTCUTS[id]]"/>-->
						<param name="widget_target" value="$SKINSHORTCUTS[target8]"/>
						<param name="sortby" value="$SKINSHORTCUTS[sortby8]"/>
						<param name="sortorder" value="$SKINSHORTCUTS[sortorder8]"/>
						<param name="list_id" value="22800$SKINSHORTCUTS[id]"/>
						<param name="onclick_condition" value="ListItem.IsResumable" />
						<param name="onclick_action" value="PlayMedia($INFO[ListItem.FileNameAndPath]&amp;resumable=true)" />
						<!--<param name="onclick_condition" value="$SKINSHORTCUTS[clickcondition]"/>
						<param name="onclick_action" value="$SKINSHORTCUTS[clickaction]"/>-->
					</include>
				</control>
				<include content="WidgetScrollbar" condition="Skin.HasSetting(touchmode)">
					<param name="scrollbar_id" value="22010"/>
				</include>
			</control>
		</controls>
	</other>

	<other include="PersonalWidgetPanel">
		<condition tag="property" attribute="name|widget">PersonalWidgetPanel</condition>
		<property name="id" tag="mainmenuid" />
		<property name="WidgetStyle9" tag="property" attribute="name|widgetAspect.9" value="31403">PanelPoster</property>
		<property name="WidgetStyle9" tag="property" attribute="name|widgetAspect.9" value="31406">PanelEpisodes</property>
		<property name="WidgetStyle9" tag="property" attribute="name|widgetAspect.9" value="31407">PanelEpisodesBanners</property>
		<property name="WidgetStyle9" tag="property" attribute="name|widgetAspect.9" value="31408">PanelSquare</property>
		<property name="WidgetStyle9" tag="property" attribute="name|widgetAspect.9" value="31409">PanelBanners</property>
		<property name="WidgetStyle9" tag="property" attribute="name|widgetAspect.9" value="31411">PanelCategoriesPersonal</property>
		<property name="WidgetStyle9" tag="property" attribute="name|widgetAspect.9" value="31466">PanelGenres</property>
		<property name="sortby9" tag="property" attribute="name|widgetSortBy.9" value="568">lastplayed</property>
		<property name="sortby9" tag="property" attribute="name|widgetSortBy.9" value="12012">lastused</property>
		<property name="sortby9" tag="property" attribute="name|widgetSortBy.9" value="551">sorttitle</property>
		<property name="sortby9" tag="property" attribute="name|widgetSortBy.9" value="563">rating</property>
		<property name="sortby9" tag="property" attribute="name|widgetSortBy.9" value="562">year</property>
		<property name="sortby9" tag="property" attribute="name|widgetSortBy.9" value="570">dateadded</property>
		<property name="sortby9" tag="property" attribute="name|widgetSortBy.9" value="567">playcount</property>
		<property name="sortby9" tag="property" attribute="name|widgetSortBy.9" value="180">time</property>
		<property name="sortby9" tag="property" attribute="name|widgetSortBy.9" value="590">random</property>
		<property name="sortby9" tag="property" attribute="name|widgetSortBy.9" value="135">genre</property>
		<property name="sortorder9" tag="property" attribute="name|widgetSortDirection.9" value="584">ascending</property>
		<property name="sortorder9" tag="property" attribute="name|widgetSortDirection.9" value="585">descending</property>
		<property name="name9" tag="property" attribute="name|widgetName.9" />
		<property name="target9" tag="property" attribute="name|widgetTarget.9" />
		<property name="content9" tag="property" attribute="name|widgetPath.9" />
		<controls>
			<control type="group" id="23000">
				<visible>String.IsEqual(Container(9000).ListItem.Property(widget),PersonalWidgetPanel)</visible>
				<include content="Visible_Right_Delayed_Home">
					<param name="id" value="PersonalWidgetPanel"/>
				</include>
				<control type="grouplist" id="23001">
					<include>WidgetGroupListCommon</include>
					<skinshortcuts>visibility</skinshortcuts>
					<pagecontrol>23010</pagecontrol>
					<include condition="!Skin.HasSetting(UseSmallerCategories)">PersonalWidgetPanelCategoriesBig</include>
					<include condition="Skin.HasSetting(UseSmallerCategories)">PersonalWidgetPanelCategoriesSmall</include>
					<include content="Widget$SKINSHORTCUTS[WidgetStyle9]">
						<param name="content_path" value="$SKINSHORTCUTS[content9]"/>
						<param name="widget_header" value="$SKINSHORTCUTS[name9]"/>
						<param name="widget_header_focus" value="$VAR[WidgetLabelFocus23100$SKINSHORTCUTS[id]]"/>
						<param name="widget_target" value="$SKINSHORTCUTS[target9]"/>
						<param name="sortby" value="$SKINSHORTCUTS[sortby9]"/>
						<param name="sortorder" value="$SKINSHORTCUTS[sortorder9]"/>
						<param name="list_id" value="23100$SKINSHORTCUTS[id]"/>
					</include>
				</control>
			</control>
		</controls>	
	</other>

	<!--PALANTIR #spotlight-->
	<other include="PalantirSpotlight" >
		<condition tag="property" attribute="name|widget">PalantirSpotlight</condition>
		<property name="id" tag="mainmenuid" />
		<property name="WidgetStyle10" tag="property" attribute="name|widgetAspect" value="31412">PalantirSpotlight</property>
		<property name="sortby10" tag="property" attribute="name|widgetSortBy.10" value="568">lastplayed</property>
		<property name="sortby10" tag="property" attribute="name|widgetSortBy.10" value="12012">lastused</property>
		<property name="sortby10" tag="property" attribute="name|widgetSortBy.10" value="551">sorttitle</property>
		<property name="sortby10" tag="property" attribute="name|widgetSortBy.10" value="563">rating</property>
		<property name="sortby10" tag="property" attribute="name|widgetSortBy.10" value="562">year</property>
		<property name="sortby10" tag="property" attribute="name|widgetSortBy.10" value="570">dateadded</property>
		<property name="sortby10" tag="property" attribute="name|widgetSortBy.10" value="567">playcount</property>
		<property name="sortby10" tag="property" attribute="name|widgetSortBy.10" value="180">time</property>
		<property name="sortby10" tag="property" attribute="name|widgetSortBy" value="590">random</property>
		<property name="sortby10" tag="property" attribute="name|widgetSortBy.10" value="135">genre</property>
		<property name="sortorder10" tag="property" attribute="name|widgetSortDirection" value="584">ascending</property>
		<property name="sortorder10" tag="property" attribute="name|widgetSortDirection.10" value="585">descending</property>
		<property name="name10" tag="property" attribute="name|widgetName" />
		<property name="target10" tag="property" attribute="name|widgetTarget" />
		<property name="content10" tag="property" attribute="name|widgetPath" />

		<controls>
			<control type="group" id="25000">
				<visible>String.IsEqual(Container(9000).ListItem.Property(widget),PalantirSpotlight)</visible>
				<control type="list" id="25100$SKINSHORTCUTS[id]">
					<skinshortcuts>visibility</skinshortcuts>
					<pagecontrol>25010</pagecontrol>
					<orientation>horizontal</orientation>
					<left>0</left>
					<top>0</top>
					<right>0</right>
					<onleft>25100$SKINSHORTCUTS[id]</onleft>
					<onright>25100$SKINSHORTCUTS[id]</onright>
					<onup>setFocus(9000)</onup>
					<ondown>setFocus(9000)</ondown>
					<include>FullScreenDimensions</include>
					<focusedlayout>
						<control type="group">
							<control type="image" description="Art">
								<texture>$INFO[Container(25100$SKINSHORTCUTS[id]).ListItem.Art(fanart)]</texture>
								<height>100%</height>
								<width>100%</width>
								<top>0</top>
								<right>0</right>
								<visible>true</visible>
								<include>Claridad_Fanart</include>
							</control>

							<control type="group">
								<height>20%</height>
								<left>10%</left>
								<width>500</width>
								<top>18%</top>
								<control type="image">
									<description>Clearlogo</description>
									<texture>$INFO[Container(25100$SKINSHORTCUTS[id]).ListItem.Art(clearlogo)]</texture>
									<aspectratio align="center">keep</aspectratio>
									<centerleft>50%</centerleft>
									<aligny>center</aligny>
									<visible>!String.IsEmpty(Container(25100$SKINSHORTCUTS[id]).ListItem.Art(clearlogo))</visible>
								</control>
							</control>
							<control type="group">
								<animation effect="fade" delay="1000" start="0" end="100" time="1000">Focus</animation>
								<control type="image">
									<description>logo seccion</description>
									<left>5%</left>
									<top>-80%</top>
									<width>13%</width>
									<aspectratio>keep</aspectratio>
									<texture fallback="Palantir/logo.png">Palantir/widget/spot/$VAR[LogoSeccionRandom].png</texture>
									<visible>!String.IsEmpty(ListItem.Property(P3Categoria))</visible>
								</control>
								<control type="image">
									<description>caja plot</description>
									<top>70%</top>
									<width>65%</width>
									<height>23%</height>
									<texture colordiffuse="BC090909" background="true">Palantir/background/caja4.png</texture>
									<visible>!String.IsEmpty(Container(25100$SKINSHORTCUTS[id]).ListItem.Plot)</visible>
								</control>
								<control type="image">
									<description>poster</description>
									<left>5%</left>
									<top>50%</top>
									<width>15%</width>
									<aspectratio>keep</aspectratio>
									<texture diffuse="Palantir/masks/poster.png" fallback="DefaultVideo.png" background="true">$INFO[ListItem.Art(poster)]</texture>
									<visible>!String.IsEmpty(ListItem.Art(poster))</visible>
								</control>
								<control type="label">
									<description>Titulo</description>
									<left>21%</left>
									<top>70%</top>
									<width max="42%">auto</width>
									<label>$INFO[Container(25100$SKINSHORTCUTS[id]).ListItem.Property(P3Titulo)]</label>
									<font>font40_title</font>
									<scroll>true</scroll>
									<visible>true</visible>
								</control>
								<control type="textbox" description="Plot">
									<left>21%</left>
									<top>75%</top>
									<font>font25_narrow</font>
									<width max="39%">auto</width>
									<height>13.5%</height>
									<label>$INFO[Container(25100$SKINSHORTCUTS[id]).ListItem.Plot]</label>
									<shadowcolor>black</shadowcolor>
									<autoscroll delay="3000" time="4000" repeat="3000">True</autoscroll>
									<align>justify</align>
									<aligny>top</aligny>
								</control>

								<control type="group" description="informacion">
									<top>90%</top>

									<control type="label">
										<description>temporadas</description>
										<left>21%</left>
										<label>$VAR[temporadas]</label>
										<visible>String.IsEmpty(ListItem.Duration)</visible>
										<font>font20_title</font>
										<textcolor>FFffe6fc</textcolor>
									</control>
									<control type="label">
										<description>duracion</description>
										<left>21%</left>
										<label>$INFO[ListItem.Duration(H)]h $INFO[ListItem.Duration(mm)]min</label>
										<visible>!String.IsEmpty(ListItem.Duration)</visible>
										<font>font20_title</font>
										<textcolor>FFffe6fc</textcolor>
									</control>
									<control type="label">
										<description>año</description>
										<left>55%</left>
										<label>$INFO[ListItem.Year]</label>
										<font>font20_title</font>
										<textcolor>FFffe6fc</textcolor>

									</control>
									<control type="image" description="img_mpaa">  <!--img mpaa-->
										<texture>Palantir/mpaa/$INFO[ListItem.Mpaa].png</texture>
										<top>5%</top>
										<left>58.5%</left>
										<height>20</height>
										<width>30</width>
										<visible>!String.IsEmpty(ListItem.Mpaa)</visible>
									</control>
								</control>
							</control>
						</control>
					</focusedlayout>
					<itemlayout />
					<content sortby="$SKINSHORTCUTS[sortby10]" sortorder="$SKINSHORTCUTS[sortorder10]" widget="$SKINSHORTCUTS[name10]" target="$SKINSHORTCUTS[target10]" limit="20">$SKINSHORTCUTS[content10]</content>
				</control>
			</control>
		</controls>
   </other>




   <!--PALANTIR #10most-->
	<other include="Palantir10most" >
		<condition tag="property" attribute="name|widget">Palantir10most</condition>
		<property name="id" tag="mainmenuid" />
		<property name="WidgetStyle10" tag="property" attribute="name|widgetAspect.10" value="31412">Palantir10most</property>
		<property name="sortby10" tag="property" attribute="name|widgetSortBy.10" value="568">lastplayed</property>
		<property name="sortby10" tag="property" attribute="name|widgetSortBy.10" value="12012">lastused</property>
		<property name="sortby10" tag="property" attribute="name|widgetSortBy.10" value="551">sorttitle</property>
		<property name="sortby10" tag="property" attribute="name|widgetSortBy.10" value="563">rating</property>
		<property name="sortby10" tag="property" attribute="name|widgetSortBy.10" value="562">year</property>
		<property name="sortby10" tag="property" attribute="name|widgetSortBy.10" value="570">dateadded</property>
		<property name="sortby10" tag="property" attribute="name|widgetSortBy.10" value="567">playcount</property>
		<property name="sortby10" tag="property" attribute="name|widgetSortBy.10" value="180">time</property>
		<property name="sortby10" tag="property" attribute="name|widgetSortBy.10" value="590">random</property>
		<property name="sortby10" tag="property" attribute="name|widgetSortBy.10" value="135">genre</property>
		<property name="sortorder10" tag="property" attribute="name|widgetSortDirection.10" value="584">ascending</property>
		<property name="sortorder10" tag="property" attribute="name|widgetSortDirection.10" value="585">descending</property>
		<property name="name10" tag="property" attribute="name|widgetName.10" />
		<property name="target10" tag="property" attribute="name|widgetTarget.10" />
		<property name="content10" tag="property" attribute="name|widgetPath.10" />
		<controls>
			<control type="group" id="26000">
				<animation effect="slide" end="502,0" time="300" tween="sine" easing="out" condition="[Control.HasFocus(9000) | ControlGroup(700).HasFocus]">Conditional</animation>
				<animation effect="slide" end="135,0" time="300" tween="sine" easing="out" condition="[Control.HasFocus(9000) | ControlGroup(700).HasFocus]">Conditional</animation>
				<visible>String.IsEqual(Container(9000).ListItem.Property(widget),Palantir10most)</visible>
				<control type="list" id="26100$SKINSHORTCUTS[id]">
				
					<skinshortcuts>visibility</skinshortcuts>
					<pagecontrol>26010</pagecontrol>
					<orientation>horizontal</orientation>
					<left>0</left>
					<top>0</top>
					<onleft>setFocus(9000)</onleft>
					<onright>setFocus(9000)</onright>
					<onup>setFocus(9000)</onup>
					<ondown>26100$SKINSHORTCUTS[id]2</ondown>
					<!--<visible>Integer.IsGreater(Container(24001).NumItems,0) | Container(24000).IsUpdating</visible>-->
					<right>0</right>
					<include>FullScreenDimensions</include>
					<autoscroll  time="10000" delay="10000" repeat="5000">true</autoscroll>
					<itemlayout width="0" height="0">
						<control type="group">
							<control type="label" description="num">
								<label>$INFO[Container(26100$SKINSHORTCUTS[id]).Position]</label>
								<height>500</height>
								<width>200</width>
								<top>0</top>
								<right>0</right>
								<visible>true</visible>
							</control>


							<control type="image" description="num">
								<texture>Palantir/Widgets/100most/$INFO[Container(26100$SKINSHORTCUTS[id]).Position].png</texture>
								<height>500</height>
								<width>200</width>
								<top>0</top>
								<right>0</right>
								<visible>true</visible>
							</control>


							<control type="image" description="Art">
								<texture>$INFO[ListItem.Art(fanart)]</texture>
								<height>500</height>
								<width>200</width>
								<top>0</top>
								<right>0</right>
								<visible>true</visible>
							</control>
							
							
							
						</control>
					</itemlayout>
					<focusedlayout width="0" height="0">
						<control type="group">
							<control type="image" description="Art">
								<texture>$INFO[ListItem.Art(fanart)]</texture>
								<height>100%</height>
								<width>100%</width>
								<top>0</top>
								<right>0</right>
								<visible>true</visible>
							</control>
							<control type="image" description="clearlogo">  <!--clearlogo-->
								<texture>$INFO[ListItem.Art(clearlogo)]</texture>
								<height>30%</height>
								<width>30%</width>
								<aligny>center</aligny>
								<top>5%</top>
								<left>5%</left>
								<visible>!String.IsEmpty(ListItem.Art(clearlogo))</visible>
								<shadowcolor>black</shadowcolor>
							</control>
							<control type="label"> 	<!--titulo sin clearlogo-->
								<label>$INFO[ListItem.Title]</label>
								<height>10%</height>
								<width>50%</width>
								<align>left</align>
								<font>font52_title</font>
								<top>40%</top>
								<left>5%</left>
								<align>center</align>
								<aligny>center</aligny>
								<visible>true</visible>
								<shadowcolor>black</shadowcolor>
							</control>
							<control type="textbox" description="Plot">
								<left>5%</left>
								<top>50%</top>
								<font>font25_title</font>
								<width>50%</width>
								<height>30%</height> 
								<font>font25_narrow</font>
								<label>$INFO[ListItem.Plot]</label>
								<shadowcolor>text_shadow</shadowcolor>
								<align>left</align>
								<aligny>top</aligny>
							</control>   
						</control>
					</focusedlayout>
					<content sortby="$SKINSHORTCUTS[sortby10]" sortorder="$SKINSHORTCUTS[sortorder10]" widget="$SKINSHORTCUTS[name10]" target="$SKINSHORTCUTS[target10]" limit="10">$SKINSHORTCUTS[content10]</content>
				</control>	
				<control type="grouplist" id="26100$SKINSHORTCUTS[id]2">
					<left>90</left>
					<top>840</top>
					<width>1740</width>
					<height>300</height>
					<onleft>26100$SKINSHORTCUTS[id]2</onleft>
					<onright>26100$SKINSHORTCUTS[id]2</onright>
					<onup>26100$SKINSHORTCUTS[id]</onup>
					<ondown>26100$SKINSHORTCUTS[id]</ondown>
					<align>center</align>
					<itemgap>-18</itemgap>
					<orientation>horizontal</orientation>
					<include content="InfoDialogButton">
						<param name="id" value="11" />
						<param name="icon" value="icons/infodialogs/launch.png" />
						<param name="label" value="PLAY" />
						<param name="onclick_1" value="PlayMedia($INFO[Container(25100$SKINSHORTCUTS[id]).ListItem.FileNAmeAndPath])"/>
					</include>
					<include content="InfoDialogButton">
						<param name="id" value="12" />
						<param name="icon" value="icons/infodialogs/launch.png" />
						<param name="label" value="INFO" />
						<param name="onclick_1" value="PlayMedia($INFO[Container(25100$SKINSHORTCUTS[id]).ListItem.FileNAmeAndPath])"/>
					</include>
				</control>
			</control>
		</controls>
   </other>


	<other include="PersonalWidgetVariable">
		<condition tag="property" attribute="name|widget">PersonalWidgetPanel</condition>
		<condition tag="property" attribute="name|widget">PersonalWidgetList</condition>
		<condition tag="property" attribute="name|widget">PalantirSpotlight</condition>
		<condition tag="property" attribute="name|widget">Palantir10most</condition>
		
		<match>any</match>
		<property name="id" tag="mainmenuid" />
		<controls>
			<control type="group">
				<!-- Fake group to prevent log errors -->
			</control>
		</controls>
		<variables>
			<variable name="WidgetLabelFocus22100$SKINSHORTCUTS[id]">
				<value condition="String.IsEqual(Container(22100$SKINSHORTCUTS[id]).ListItem.dbtype,movie)">$INFO[Container(22100$SKINSHORTCUTS[id]).ListItem.Title, | ]$INFO[Container(22100$SKINSHORTCUTS[id]).ListItem.Year, (,)]</value>
				<value condition="String.IsEqual(Container(22100$SKINSHORTCUTS[id]).ListItem.dbtype,episode)">$INFO[Container(22100$SKINSHORTCUTS[id]).ListItem.TVShowTitle, | , - ]$INFO[Container(22100$SKINSHORTCUTS[id]).ListItem.Season,,x]$INFO[Container(22100$SKINSHORTCUTS[id]).ListItem.Episode,,. ]$INFO[Container(22100$SKINSHORTCUTS[id]).ListItem.Title]$INFO[Container(22100$SKINSHORTCUTS[id]).ListItem.Year, (,)]</value>
				<value condition="String.IsEqual(Container(22100$SKINSHORTCUTS[id]).ListItem.dbtype,tvshow)">$INFO[Container(22100$SKINSHORTCUTS[id]).ListItem.Title, | ]$INFO[Container(22100$SKINSHORTCUTS[id]).ListItem.Year, (,)]</value>
				<value condition="String.IsEqual(Container(22100$SKINSHORTCUTS[id]).ListItem.dbtype,musicvideo)">$INFO[Container(22100$SKINSHORTCUTS[id]).ListItem.Artist, | , - ]$INFO[Container(22100$SKINSHORTCUTS[id]).ListItem.Title]$INFO[Container(22100$SKINSHORTCUTS[id]).ListItem.Year, (,)]</value>
				<value condition="String.IsEqual(Container(22100$SKINSHORTCUTS[id]).ListItem.dbtype,song)">$INFO[Container(22100$SKINSHORTCUTS[id]).ListItem.Artist, | , - ]$INFO[Container(22100$SKINSHORTCUTS[id]).ListItem.Album,, - ]$INFO[Container(22100$SKINSHORTCUTS[id]).ListItem.Title]$INFO[Container(22100$SKINSHORTCUTS[id]).ListItem.Year, (,)]</value>
				<value condition="String.IsEqual(Container(22100$SKINSHORTCUTS[id]).ListItem.dbtype,album)">$INFO[Container(22100$SKINSHORTCUTS[id]).ListItem.Artist, | , - ]$INFO[Container(22100$SKINSHORTCUTS[id]).ListItem.Title]$INFO[Container(22100$SKINSHORTCUTS[id]).ListItem.Year, (,)]</value>
				<value condition="String.IsEqual(Container(22100$SKINSHORTCUTS[id]).ListItem.dbtype,artist)">$INFO[Container(22100$SKINSHORTCUTS[id]).ListItem.Artist, | ]</value>
				<value condition="!String.IsEmpty(Container(22100$SKINSHORTCUTS[id]).ListItem.Label)">$INFO[Container(22100$SKINSHORTCUTS[id]).ListItem.Label, | ]</value>
			</variable>
			<variable name="WidgetLabelFocus22200$SKINSHORTCUTS[id]">
				<value condition="String.IsEqual(Container(22200$SKINSHORTCUTS[id]).ListItem.dbtype,movie)">$INFO[Container(22200$SKINSHORTCUTS[id]).ListItem.Title, | ]$INFO[Container(22200$SKINSHORTCUTS[id]).ListItem.Year, (,)]</value>
				<value condition="String.IsEqual(Container(22200$SKINSHORTCUTS[id]).ListItem.dbtype,episode)">$INFO[Container(22200$SKINSHORTCUTS[id]).ListItem.TVShowTitle, | , - ]$INFO[Container(22200$SKINSHORTCUTS[id]).ListItem.Season,,x]$INFO[Container(22200$SKINSHORTCUTS[id]).ListItem.Episode,,. ]$INFO[Container(22200$SKINSHORTCUTS[id]).ListItem.Title]$INFO[Container(22200$SKINSHORTCUTS[id]).ListItem.Year, (,)]</value>
				<value condition="String.IsEqual(Container(22200$SKINSHORTCUTS[id]).ListItem.dbtype,tvshow)">$INFO[Container(22200$SKINSHORTCUTS[id]).ListItem.Title, | ]$INFO[Container(22200$SKINSHORTCUTS[id]).ListItem.Year, (,)]</value>
				<value condition="String.IsEqual(Container(22200$SKINSHORTCUTS[id]).ListItem.dbtype,musicvideo)">$INFO[Container(22200$SKINSHORTCUTS[id]).ListItem.Artist, | , - ]$INFO[Container(22200$SKINSHORTCUTS[id]).ListItem.Title]$INFO[Container(22200$SKINSHORTCUTS[id]).ListItem.Year, (,)]</value>
				<value condition="String.IsEqual(Container(22200$SKINSHORTCUTS[id]).ListItem.dbtype,song)">$INFO[Container(22200$SKINSHORTCUTS[id]).ListItem.Artist, | , - ]$INFO[Container(22200$SKINSHORTCUTS[id]).ListItem.Album,, - ]$INFO[Container(22200$SKINSHORTCUTS[id]).ListItem.Title]$INFO[Container(22200$SKINSHORTCUTS[id]).ListItem.Year, (,)]</value>
				<value condition="String.IsEqual(Container(22200$SKINSHORTCUTS[id]).ListItem.dbtype,album)">$INFO[Container(22200$SKINSHORTCUTS[id]).ListItem.Artist, | , - ]$INFO[Container(22200$SKINSHORTCUTS[id]).ListItem.Title]$INFO[Container(22200$SKINSHORTCUTS[id]).ListItem.Year, (,)]</value>
				<value condition="String.IsEqual(Container(22200$SKINSHORTCUTS[id]).ListItem.dbtype,artist)">$INFO[Container(22200$SKINSHORTCUTS[id]).ListItem.Artist, | ]</value>
				<value condition="!String.IsEmpty(Container(22200$SKINSHORTCUTS[id]).ListItem.Label)">$INFO[Container(22200$SKINSHORTCUTS[id]).ListItem.Label, | ]</value>
			</variable>
			<variable name="WidgetLabelFocus22300$SKINSHORTCUTS[id]">
				<value condition="String.IsEqual(Container(22300$SKINSHORTCUTS[id]).ListItem.dbtype,movie)">$INFO[Container(22300$SKINSHORTCUTS[id]).ListItem.Title, | ]$INFO[Container(22300$SKINSHORTCUTS[id]).ListItem.Year, (,)]</value>
				<value condition="String.IsEqual(Container(22300$SKINSHORTCUTS[id]).ListItem.dbtype,episode)">$INFO[Container(22300$SKINSHORTCUTS[id]).ListItem.TVShowTitle, | , - ]$INFO[Container(22300$SKINSHORTCUTS[id]).ListItem.Season,,x]$INFO[Container(22300$SKINSHORTCUTS[id]).ListItem.Episode,,. ]$INFO[Container(22300$SKINSHORTCUTS[id]).ListItem.Title]$INFO[Container(22300$SKINSHORTCUTS[id]).ListItem.Year, (,)]</value>
				<value condition="String.IsEqual(Container(22300$SKINSHORTCUTS[id]).ListItem.dbtype,tvshow)">$INFO[Container(22300$SKINSHORTCUTS[id]).ListItem.Title, | ]$INFO[Container(22300$SKINSHORTCUTS[id]).ListItem.Year, (,)]</value>
				<value condition="String.IsEqual(Container(22300$SKINSHORTCUTS[id]).ListItem.dbtype,musicvideo)">$INFO[Container(22300$SKINSHORTCUTS[id]).ListItem.Artist, | , - ]$INFO[Container(22300$SKINSHORTCUTS[id]).ListItem.Title]$INFO[Container(22300$SKINSHORTCUTS[id]).ListItem.Year, (,)]</value>
				<value condition="String.IsEqual(Container(22300$SKINSHORTCUTS[id]).ListItem.dbtype,song)">$INFO[Container(22300$SKINSHORTCUTS[id]).ListItem.Artist, | , - ]$INFO[Container(22300$SKINSHORTCUTS[id]).ListItem.Album,, - ]$INFO[Container(22300$SKINSHORTCUTS[id]).ListItem.Title]$INFO[Container(22300$SKINSHORTCUTS[id]).ListItem.Year, (,)]</value>
				<value condition="String.IsEqual(Container(22300$SKINSHORTCUTS[id]).ListItem.dbtype,album)">$INFO[Container(22300$SKINSHORTCUTS[id]).ListItem.Artist, | , - ]$INFO[Container(22300$SKINSHORTCUTS[id]).ListItem.Title]$INFO[Container(22300$SKINSHORTCUTS[id]).ListItem.Year, (,)]</value>
				<value condition="String.IsEqual(Container(22300$SKINSHORTCUTS[id]).ListItem.dbtype,artist)">$INFO[Container(22300$SKINSHORTCUTS[id]).ListItem.Artist, | ]</value>
				<value condition="!String.IsEmpty(Container(22300$SKINSHORTCUTS[id]).ListItem.Label)">$INFO[Container(22300$SKINSHORTCUTS[id]).ListItem.Label, | ]</value>
			</variable>
			<variable name="WidgetLabelFocus22400$SKINSHORTCUTS[id]">
				<value condition="String.IsEqual(Container(22400$SKINSHORTCUTS[id]).ListItem.dbtype,movie)">$INFO[Container(22400$SKINSHORTCUTS[id]).ListItem.Title, | ]$INFO[Container(22400$SKINSHORTCUTS[id]).ListItem.Year, (,)]</value>
				<value condition="String.IsEqual(Container(22400$SKINSHORTCUTS[id]).ListItem.dbtype,episode)">$INFO[Container(22400$SKINSHORTCUTS[id]).ListItem.TVShowTitle, | , - ]$INFO[Container(22400$SKINSHORTCUTS[id]).ListItem.Season,,x]$INFO[Container(22400$SKINSHORTCUTS[id]).ListItem.Episode,,. ]$INFO[Container(22400$SKINSHORTCUTS[id]).ListItem.Title]$INFO[Container(22400$SKINSHORTCUTS[id]).ListItem.Year, (,)]</value>
				<value condition="String.IsEqual(Container(22400$SKINSHORTCUTS[id]).ListItem.dbtype,tvshow)">$INFO[Container(22400$SKINSHORTCUTS[id]).ListItem.Title, | ]$INFO[Container(22400$SKINSHORTCUTS[id]).ListItem.Year, (,)]</value>
				<value condition="String.IsEqual(Container(22400$SKINSHORTCUTS[id]).ListItem.dbtype,musicvideo)">$INFO[Container(22400$SKINSHORTCUTS[id]).ListItem.Artist, | , - ]$INFO[Container(22400$SKINSHORTCUTS[id]).ListItem.Title]$INFO[Container(22400$SKINSHORTCUTS[id]).ListItem.Year, (,)]</value>
				<value condition="String.IsEqual(Container(22400$SKINSHORTCUTS[id]).ListItem.dbtype,song)">$INFO[Container(22400$SKINSHORTCUTS[id]).ListItem.Artist, | , - ]$INFO[Container(22400$SKINSHORTCUTS[id]).ListItem.Album,, - ]$INFO[Container(22400$SKINSHORTCUTS[id]).ListItem.Title]$INFO[Container(22400$SKINSHORTCUTS[id]).ListItem.Year, (,)]</value>
				<value condition="String.IsEqual(Container(22400$SKINSHORTCUTS[id]).ListItem.dbtype,album)">$INFO[Container(22400$SKINSHORTCUTS[id]).ListItem.Artist, | , - ]$INFO[Container(22400$SKINSHORTCUTS[id]).ListItem.Title]$INFO[Container(22400$SKINSHORTCUTS[id]).ListItem.Year, (,)]</value>
				<value condition="String.IsEqual(Container(22400$SKINSHORTCUTS[id]).ListItem.dbtype,artist)">$INFO[Container(22400$SKINSHORTCUTS[id]).ListItem.Artist, | ]</value>
				<value condition="!String.IsEmpty(Container(22400$SKINSHORTCUTS[id]).ListItem.Label)">$INFO[Container(22400$SKINSHORTCUTS[id]).ListItem.Label, | ]</value>
			</variable>
			<variable name="WidgetLabelFocus22500$SKINSHORTCUTS[id]">
				<value condition="String.IsEqual(Container(22500$SKINSHORTCUTS[id]).ListItem.dbtype,movie)">$INFO[Container(22500$SKINSHORTCUTS[id]).ListItem.Title, | ]$INFO[Container(22500$SKINSHORTCUTS[id]).ListItem.Year, (,)]</value>
				<value condition="String.IsEqual(Container(22500$SKINSHORTCUTS[id]).ListItem.dbtype,episode)">$INFO[Container(22500$SKINSHORTCUTS[id]).ListItem.TVShowTitle, | , - ]$INFO[Container(22500$SKINSHORTCUTS[id]).ListItem.Season,,x]$INFO[Container(22500$SKINSHORTCUTS[id]).ListItem.Episode,,. ]$INFO[Container(22500$SKINSHORTCUTS[id]).ListItem.Title]$INFO[Container(22500$SKINSHORTCUTS[id]).ListItem.Year, (,)]</value>
				<value condition="String.IsEqual(Container(22500$SKINSHORTCUTS[id]).ListItem.dbtype,tvshow)">$INFO[Container(22500$SKINSHORTCUTS[id]).ListItem.Title, | ]$INFO[Container(22500$SKINSHORTCUTS[id]).ListItem.Year, (,)]</value>
				<value condition="String.IsEqual(Container(22500$SKINSHORTCUTS[id]).ListItem.dbtype,musicvideo)">$INFO[Container(22500$SKINSHORTCUTS[id]).ListItem.Artist, | , - ]$INFO[Container(22500$SKINSHORTCUTS[id]).ListItem.Title]$INFO[Container(22500$SKINSHORTCUTS[id]).ListItem.Year, (,)]</value>
				<value condition="String.IsEqual(Container(22500$SKINSHORTCUTS[id]).ListItem.dbtype,song)">$INFO[Container(22500$SKINSHORTCUTS[id]).ListItem.Artist, | , - ]$INFO[Container(22500$SKINSHORTCUTS[id]).ListItem.Album,, - ]$INFO[Container(22500$SKINSHORTCUTS[id]).ListItem.Title]$INFO[Container(22500$SKINSHORTCUTS[id]).ListItem.Year, (,)]</value>
				<value condition="String.IsEqual(Container(22500$SKINSHORTCUTS[id]).ListItem.dbtype,album)">$INFO[Container(22500$SKINSHORTCUTS[id]).ListItem.Artist, | , - ]$INFO[Container(22500$SKINSHORTCUTS[id]).ListItem.Title]$INFO[Container(22500$SKINSHORTCUTS[id]).ListItem.Year, (,)]</value>
				<value condition="String.IsEqual(Container(22500$SKINSHORTCUTS[id]).ListItem.dbtype,artist)">$INFO[Container(22500$SKINSHORTCUTS[id]).ListItem.Artist, | ]</value>
				<value condition="!String.IsEmpty(Container(22500$SKINSHORTCUTS[id]).ListItem.Label)">$INFO[Container(22500$SKINSHORTCUTS[id]).ListItem.Label, | ]</value>
			</variable>
			<variable name="WidgetLabelFocus22600$SKINSHORTCUTS[id]">
				<value condition="String.IsEqual(Container(22600$SKINSHORTCUTS[id]).ListItem.dbtype,movie)">$INFO[Container(22600$SKINSHORTCUTS[id]).ListItem.Title, | ]$INFO[Container(22600$SKINSHORTCUTS[id]).ListItem.Year, (,)]</value>
				<value condition="String.IsEqual(Container(22600$SKINSHORTCUTS[id]).ListItem.dbtype,episode)">$INFO[Container(22600$SKINSHORTCUTS[id]).ListItem.TVShowTitle, | , - ]$INFO[Container(22600$SKINSHORTCUTS[id]).ListItem.Season,,x]$INFO[Container(22600$SKINSHORTCUTS[id]).ListItem.Episode,,. ]$INFO[Container(22600$SKINSHORTCUTS[id]).ListItem.Title]$INFO[Container(22600$SKINSHORTCUTS[id]).ListItem.Year, (,)]</value>
				<value condition="String.IsEqual(Container(22600$SKINSHORTCUTS[id]).ListItem.dbtype,tvshow)">$INFO[Container(22600$SKINSHORTCUTS[id]).ListItem.Title, | ]$INFO[Container(22600$SKINSHORTCUTS[id]).ListItem.Year, (,)]</value>
				<value condition="String.IsEqual(Container(22600$SKINSHORTCUTS[id]).ListItem.dbtype,musicvideo)">$INFO[Container(22600$SKINSHORTCUTS[id]).ListItem.Artist, | , - ]$INFO[Container(22600$SKINSHORTCUTS[id]).ListItem.Title]$INFO[Container(22600$SKINSHORTCUTS[id]).ListItem.Year, (,)]</value>
				<value condition="String.IsEqual(Container(22600$SKINSHORTCUTS[id]).ListItem.dbtype,song)">$INFO[Container(22600$SKINSHORTCUTS[id]).ListItem.Artist, | , - ]$INFO[Container(22600$SKINSHORTCUTS[id]).ListItem.Album,, - ]$INFO[Container(22600$SKINSHORTCUTS[id]).ListItem.Title]$INFO[Container(22600$SKINSHORTCUTS[id]).ListItem.Year, (,)]</value>
				<value condition="String.IsEqual(Container(22600$SKINSHORTCUTS[id]).ListItem.dbtype,album)">$INFO[Container(22600$SKINSHORTCUTS[id]).ListItem.Artist, | , - ]$INFO[Container(22600$SKINSHORTCUTS[id]).ListItem.Title]$INFO[Container(22600$SKINSHORTCUTS[id]).ListItem.Year, (,)]</value>
				<value condition="String.IsEqual(Container(22600$SKINSHORTCUTS[id]).ListItem.dbtype,artist)">$INFO[Container(22600$SKINSHORTCUTS[id]).ListItem.Artist, | ]</value>
				<value condition="!String.IsEmpty(Container(22600$SKINSHORTCUTS[id]).ListItem.Label)">$INFO[Container(22600$SKINSHORTCUTS[id]).ListItem.Label, | ]</value>
			</variable>
			<variable name="WidgetLabelFocus22700$SKINSHORTCUTS[id]">
				<value condition="String.IsEqual(Container(22700$SKINSHORTCUTS[id]).ListItem.dbtype,movie)">$INFO[Container(22700$SKINSHORTCUTS[id]).ListItem.Title, | ]$INFO[Container(22700$SKINSHORTCUTS[id]).ListItem.Year, (,)]</value>
				<value condition="String.IsEqual(Container(22700$SKINSHORTCUTS[id]).ListItem.dbtype,episode)">$INFO[Container(22700$SKINSHORTCUTS[id]).ListItem.TVShowTitle, | , - ]$INFO[Container(22700$SKINSHORTCUTS[id]).ListItem.Season,,x]$INFO[Container(22700$SKINSHORTCUTS[id]).ListItem.Episode,,. ]$INFO[Container(22700$SKINSHORTCUTS[id]).ListItem.Title]$INFO[Container(22700$SKINSHORTCUTS[id]).ListItem.Year, (,)]</value>
				<value condition="String.IsEqual(Container(22700$SKINSHORTCUTS[id]).ListItem.dbtype,tvshow)">$INFO[Container(22700$SKINSHORTCUTS[id]).ListItem.Title, | ]$INFO[Container(22700$SKINSHORTCUTS[id]).ListItem.Year, (,)]</value>
				<value condition="String.IsEqual(Container(22700$SKINSHORTCUTS[id]).ListItem.dbtype,musicvideo)">$INFO[Container(22700$SKINSHORTCUTS[id]).ListItem.Artist, | , - ]$INFO[Container(22700$SKINSHORTCUTS[id]).ListItem.Title]$INFO[Container(22700$SKINSHORTCUTS[id]).ListItem.Year, (,)]</value>
				<value condition="String.IsEqual(Container(22700$SKINSHORTCUTS[id]).ListItem.dbtype,song)">$INFO[Container(22700$SKINSHORTCUTS[id]).ListItem.Artist, | , - ]$INFO[Container(22700$SKINSHORTCUTS[id]).ListItem.Album,, - ]$INFO[Container(22700$SKINSHORTCUTS[id]).ListItem.Title]$INFO[Container(22700$SKINSHORTCUTS[id]).ListItem.Year, (,)]</value>
				<value condition="String.IsEqual(Container(22700$SKINSHORTCUTS[id]).ListItem.dbtype,album)">$INFO[Container(22700$SKINSHORTCUTS[id]).ListItem.Artist, | , - ]$INFO[Container(22700$SKINSHORTCUTS[id]).ListItem.Title]$INFO[Container(22700$SKINSHORTCUTS[id]).ListItem.Year, (,)]</value>
				<value condition="String.IsEqual(Container(22700$SKINSHORTCUTS[id]).ListItem.dbtype,artist)">$INFO[Container(22700$SKINSHORTCUTS[id]).ListItem.Artist, | ]</value>
				<value condition="!String.IsEmpty(Container(22700$SKINSHORTCUTS[id]).ListItem.Label)">$INFO[Container(22700$SKINSHORTCUTS[id]).ListItem.Label, | ]</value>
			</variable>
			<variable name="WidgetLabelFocus22800$SKINSHORTCUTS[id]">
				<value condition="String.IsEqual(Container(22800$SKINSHORTCUTS[id]).ListItem.dbtype,movie)">$INFO[Container(22800$SKINSHORTCUTS[id]).ListItem.Title, | ]$INFO[Container(22800$SKINSHORTCUTS[id]).ListItem.Year, (,)]</value>
				<value condition="String.IsEqual(Container(22800$SKINSHORTCUTS[id]).ListItem.dbtype,episode)">$INFO[Container(22800$SKINSHORTCUTS[id]).ListItem.TVShowTitle, | , - ]$INFO[Container(22800$SKINSHORTCUTS[id]).ListItem.Season,,x]$INFO[Container(22800$SKINSHORTCUTS[id]).ListItem.Episode,,. ]$INFO[Container(22800$SKINSHORTCUTS[id]).ListItem.Title]$INFO[Container(22800$SKINSHORTCUTS[id]).ListItem.Year, (,)]</value>
				<value condition="String.IsEqual(Container(22800$SKINSHORTCUTS[id]).ListItem.dbtype,tvshow)">$INFO[Container(22800$SKINSHORTCUTS[id]).ListItem.Title, | ]$INFO[Container(22800$SKINSHORTCUTS[id]).ListItem.Year, (,)]</value>
				<value condition="String.IsEqual(Container(22800$SKINSHORTCUTS[id]).ListItem.dbtype,musicvideo)">$INFO[Container(22800$SKINSHORTCUTS[id]).ListItem.Artist, | , - ]$INFO[Container(22800$SKINSHORTCUTS[id]).ListItem.Title]$INFO[Container(22800$SKINSHORTCUTS[id]).ListItem.Year, (,)]</value>
				<value condition="String.IsEqual(Container(22800$SKINSHORTCUTS[id]).ListItem.dbtype,song)">$INFO[Container(22800$SKINSHORTCUTS[id]).ListItem.Artist, | , - ]$INFO[Container(22800$SKINSHORTCUTS[id]).ListItem.Album,, - ]$INFO[Container(22800$SKINSHORTCUTS[id]).ListItem.Title]$INFO[Container(22800$SKINSHORTCUTS[id]).ListItem.Year, (,)]</value>
				<value condition="String.IsEqual(Container(22800$SKINSHORTCUTS[id]).ListItem.dbtype,album)">$INFO[Container(22800$SKINSHORTCUTS[id]).ListItem.Artist, | , - ]$INFO[Container(22800$SKINSHORTCUTS[id]).ListItem.Title]$INFO[Container(22800$SKINSHORTCUTS[id]).ListItem.Year, (,)]</value>
				<value condition="String.IsEqual(Container(22800$SKINSHORTCUTS[id]).ListItem.dbtype,artist)">$INFO[Container(22800$SKINSHORTCUTS[id]).ListItem.Artist, | ]</value>
				<value condition="!String.IsEmpty(Container(22800$SKINSHORTCUTS[id]).ListItem.Label)">$INFO[Container(22800$SKINSHORTCUTS[id]).ListItem.Label, | ]</value>
			</variable>
			<variable name="WidgetLabelFocus23100$SKINSHORTCUTS[id]">
				<value condition="String.IsEqual(Container(23100$SKINSHORTCUTS[id]).ListItem.dbtype,movie)">$INFO[Container(23100$SKINSHORTCUTS[id]).ListItem.Title, | ]$INFO[Container(23100$SKINSHORTCUTS[id]).ListItem.Year, (,)]</value>
				<value condition="String.IsEqual(Container(23100$SKINSHORTCUTS[id]).ListItem.dbtype,episode)">$INFO[Container(23100$SKINSHORTCUTS[id]).ListItem.TVShowTitle, | , - ]$INFO[Container(23100$SKINSHORTCUTS[id]).ListItem.Season,,x]$INFO[Container(23100$SKINSHORTCUTS[id]).ListItem.Episode,,. ]$INFO[Container(23100$SKINSHORTCUTS[id]).ListItem.Title]$INFO[Container(23100$SKINSHORTCUTS[id]).ListItem.Year, (,)]</value>
				<value condition="String.IsEqual(Container(23100$SKINSHORTCUTS[id]).ListItem.dbtype,tvshow)">$INFO[Container(23100$SKINSHORTCUTS[id]).ListItem.Title, | ]$INFO[Container(23100$SKINSHORTCUTS[id]).ListItem.Year, (,)]</value>
				<value condition="String.IsEqual(Container(23100$SKINSHORTCUTS[id]).ListItem.dbtype,musicvideo)">$INFO[Container(23100$SKINSHORTCUTS[id]).ListItem.Artist, | , - ]$INFO[Container(23100$SKINSHORTCUTS[id]).ListItem.Title]$INFO[Container(23100$SKINSHORTCUTS[id]).ListItem.Year, (,)]</value>
				<value condition="String.IsEqual(Container(23100$SKINSHORTCUTS[id]).ListItem.dbtype,song)">$INFO[Container(23100$SKINSHORTCUTS[id]).ListItem.Artist, | , - ]$INFO[Container(23100$SKINSHORTCUTS[id]).ListItem.Album,, - ]$INFO[Container(23100$SKINSHORTCUTS[id]).ListItem.Title]$INFO[Container(23100$SKINSHORTCUTS[id]).ListItem.Year, (,)]</value>
				<value condition="String.IsEqual(Container(23100$SKINSHORTCUTS[id]).ListItem.dbtype,album)">$INFO[Container(23100$SKINSHORTCUTS[id]).ListItem.Artist, | , - ]$INFO[Container(23100$SKINSHORTCUTS[id]).ListItem.Title]$INFO[Container(23100$SKINSHORTCUTS[id]).ListItem.Year, (,)]</value>
				<value condition="String.IsEqual(Container(23100$SKINSHORTCUTS[id]).ListItem.dbtype,artist)">$INFO[Container(23100$SKINSHORTCUTS[id]).ListItem.Artist, | ]</value>
				<value condition="!String.IsEmpty(Container(23100$SKINSHORTCUTS[id]).ListItem.Label)">$INFO[Container(23100$SKINSHORTCUTS[id]).ListItem.Label, | ]</value>
			</variable>

			<variable name="WidgetLabelFocus23200$SKINSHORTCUTS[id]">
				<value condition="String.IsEqual(Container(23200$SKINSHORTCUTS[id]).ListItem.dbtype,movie)">$INFO[Container(23200$SKINSHORTCUTS[id]).ListItem.Title, | ]$INFO[Container(23200$SKINSHORTCUTS[id]).ListItem.Year, (,)]</value>
				<value condition="String.IsEqual(Container(23200$SKINSHORTCUTS[id]).ListItem.dbtype,episode)">$INFO[Container(23200$SKINSHORTCUTS[id]).ListItem.TVShowTitle, | , - ]$INFO[Container(23200$SKINSHORTCUTS[id]).ListItem.Season,,x]$INFO[Container(23200$SKINSHORTCUTS[id]).ListItem.Episode,,. ]$INFO[Container(23200$SKINSHORTCUTS[id]).ListItem.Title]$INFO[Container(23200$SKINSHORTCUTS[id]).ListItem.Year, (,)]</value>
				<value condition="String.IsEqual(Container(23200$SKINSHORTCUTS[id]).ListItem.dbtype,tvshow)">$INFO[Container(23200$SKINSHORTCUTS[id]).ListItem.Title, | ]$INFO[Container(23200$SKINSHORTCUTS[id]).ListItem.Year, (,)]</value>
				<value condition="String.IsEqual(Container(23200$SKINSHORTCUTS[id]).ListItem.dbtype,musicvideo)">$INFO[Container(23200$SKINSHORTCUTS[id]).ListItem.Artist, | , - ]$INFO[Container(23200$SKINSHORTCUTS[id]).ListItem.Title]$INFO[Container(23200$SKINSHORTCUTS[id]).ListItem.Year, (,)]</value>
				<value condition="String.IsEqual(Container(23200$SKINSHORTCUTS[id]).ListItem.dbtype,song)">$INFO[Container(23200$SKINSHORTCUTS[id]).ListItem.Artist, | , - ]$INFO[Container(23200$SKINSHORTCUTS[id]).ListItem.Album,, - ]$INFO[Container(23200$SKINSHORTCUTS[id]).ListItem.Title]$INFO[Container(23200$SKINSHORTCUTS[id]).ListItem.Year, (,)]</value>
				<value condition="String.IsEqual(Container(23200$SKINSHORTCUTS[id]).ListItem.dbtype,album)">$INFO[Container(23200$SKINSHORTCUTS[id]).ListItem.Artist, | , - ]$INFO[Container(23200$SKINSHORTCUTS[id]).ListItem.Title]$INFO[Container(23200$SKINSHORTCUTS[id]).ListItem.Year, (,)]</value>
				<value condition="String.IsEqual(Container(23200$SKINSHORTCUTS[id]).ListItem.dbtype,artist)">$INFO[Container(23200$SKINSHORTCUTS[id]).ListItem.Artist, | ]</value>
				<value condition="!String.IsEmpty(Container(23200$SKINSHORTCUTS[id]).ListItem.Label)">$INFO[Container(23200$SKINSHORTCUTS[id]).ListItem.Label, | ]</value>
			</variable>

			<variable name="WidgetLabelFocus25100$SKINSHORTCUTS[id]">
				<value condition="String.IsEqual(Container(25100$SKINSHORTCUTS[id]).ListItem.dbtype,movie)">$INFO[Container(25100$SKINSHORTCUTS[id]).ListItem.Title, | ]$INFO[Container(25100$SKINSHORTCUTS[id]).ListItem.Year, (,)]</value>
				<value condition="String.IsEqual(Container(25100$SKINSHORTCUTS[id]).ListItem.dbtype,episode)">$INFO[Container(25100$SKINSHORTCUTS[id]).ListItem.TVShowTitle, | , - ]$INFO[Container(25100$SKINSHORTCUTS[id]).ListItem.Season,,x]$INFO[Container(25100$SKINSHORTCUTS[id]).ListItem.Episode,,. ]$INFO[Container(25100$SKINSHORTCUTS[id]).ListItem.Title]$INFO[Container(25100$SKINSHORTCUTS[id]).ListItem.Year, (,)]</value>
				<value condition="String.IsEqual(Container(25100$SKINSHORTCUTS[id]).ListItem.dbtype,tvshow)">$INFO[Container(25100$SKINSHORTCUTS[id]).ListItem.Title, | ]$INFO[Container(25100$SKINSHORTCUTS[id]).ListItem.Year, (,)]</value>
				<value condition="String.IsEqual(Container(25100$SKINSHORTCUTS[id]).ListItem.dbtype,musicvideo)">$INFO[Container(25100$SKINSHORTCUTS[id]).ListItem.Artist, | , - ]$INFO[Container(25100$SKINSHORTCUTS[id]).ListItem.Title]$INFO[Container(25100$SKINSHORTCUTS[id]).ListItem.Year, (,)]</value>
				<value condition="String.IsEqual(Container(25100$SKINSHORTCUTS[id]).ListItem.dbtype,song)">$INFO[Container(25100$SKINSHORTCUTS[id]).ListItem.Artist, | , - ]$INFO[Container(25100$SKINSHORTCUTS[id]).ListItem.Album,, - ]$INFO[Container(25100$SKINSHORTCUTS[id]).ListItem.Title]$INFO[Container(25100$SKINSHORTCUTS[id]).ListItem.Year, (,)]</value>
				<value condition="String.IsEqual(Container(25100$SKINSHORTCUTS[id]).ListItem.dbtype,album)">$INFO[Container(25100$SKINSHORTCUTS[id]).ListItem.Artist, | , - ]$INFO[Container(25100$SKINSHORTCUTS[id]).ListItem.Title]$INFO[Container(25100$SKINSHORTCUTS[id]).ListItem.Year, (,)]</value>
				<value condition="String.IsEqual(Container(25100$SKINSHORTCUTS[id]).ListItem.dbtype,artist)">$INFO[Container(25100$SKINSHORTCUTS[id]).ListItem.Artist, | ]</value>
				<value condition="!String.IsEmpty(Container(25100$SKINSHORTCUTS[id]).ListItem.Label)">$INFO[Container(25100$SKINSHORTCUTS[id]).ListItem.Label, | ]</value>
			</variable>
		</variables>
	</other>

	
</template>
